id,supplier,item,description,cost,status,date,dataset_source,product_id,product_name,vendor_name,confidence,method
REQ87397,CrowdStrike Inc,Tanium + Microsft 365 E5 + Zscaler Internet Access,"As part of our cloud security strategy, the acquisition of Tanium is being processed via CrowdStrike Inc. This initiative includes additional modules for Zscaler Internet Access, supporting both EMEA and APAC operations. Justification for this procurement is tied to zero-trust architecture adoption and enhanced incident response readiness.",255150.87,DRAFT,2024-02-12,easy,7,Zscaler Internet Access,Zscaler,100,exact
REQ54118,CC,Tanium Endpoint + Microsoft E5,"Procurement of Tanium is being prioritised under the FY23 budget allocation for security enhancements. The acquisition, handled through CC, addresses critical gaps identified in the last compliance audit. The package will also integrate with Firepower 2K series to improve overall coverage in APAC.",182694.79,CANCELLED,2024-06-25,easy,,,,0,no_match
REQ35203,Microsoft Corp,Z$caler IA + Microsft 365 E5,"In response to recent threat intelligence reports, IT Security has recommended immediate onboarding of Z$caler IA. This purchase, processed via Microsoft Corp, will complement our existing deployment of TaniumMgmt and ensure coverage for 3813 users in Americas. Budget reallocation approved by the CISO on 2024-08-23.",387668.83,DRAFT,2024-04-21,easy,,,,0,no_match
REQ44993,CrowdStrike Inc,Z$caler IA + Wiz Defend,"Procurement of Z$caler IA is being prioritised under the FY25 budget allocation for security enhancements. The acquisition, handled through CrowdStrike Inc, addresses critical gaps identified in the last compliance audit. The package will also integrate with Firepower 2K series to improve overall coverage in APAC.",269399.24,PENDING,2023-12-01,easy,5,Wiz Defend,Wiz,100,exact
REQ45093,CC,Wiz Cl0ud + CS Falcon,"In response to recent threat intelligence reports, IT Security has recommended immediate onboarding of WizCld. This purchase, processed via CC, will complement our existing deployment of CrowdStrike Falcon and ensure coverage for 2261 users in Americas. Budget reallocation approved by the CISO on 2023-04-25.",110250.14,ORDERED,2025-03-21,easy,4,Wiz Cloud,Wiz,100,exact
REQ28131,WWT,Tanium + Microsft 365 E5 + Z$caler IA,"In response to recent threat intelligence reports, IT Security has recommended immediate onboarding of Tanium. This purchase, processed via WWT, will complement our existing deployment of WizDefnd and ensure coverage for 1220 users in APAC. Budget reallocation approved by the CISO on 2025-05-27.",84191.09,ORDERED,2023-05-11,easy,,,,0,no_match
REQ54587,CC,WizCld + Cisco FP-2100,"In response to recent threat intelligence reports, IT Security has recommended immediate onboarding of Wiz Cl0ud. This purchase, processed via CC, will complement our existing deployment of Z$caler IA and ensure coverage for 4931 users in APAC. Budget reallocation approved by the CISO on 2023-08-23.",229593.23,CANCELLED,2025-10-22,easy,4,Wiz Cloud,Wiz,100,exact
REQ10074,Cisco Systems,Zscaler Internet Access + WizCld + O365 E5,"As part of our cloud security strategy, the acquisition of Z$caler IA is being processed via Cisco Systems. This initiative includes additional modules for Cisco FP-2100, supporting both EMEA and APAC operations. Justification for this procurement is tied to zero-trust architecture adoption and enhanced incident response readiness.",123528.89,PENDING,2023-06-11,easy,7,Zscaler Internet Access,Zscaler,100,exact
REQ37760,WWT,O365 E5 + Zscaler IA,"As part of our cloud security strategy, the acquisition of MS 365 E5 is being processed via WWT. This initiative includes additional modules for Wiz Cl0ud, supporting both EMEA and APAC operations. Justification for this procurement is tied to zero-trust architecture adoption and enhanced incident response readiness.",497598.93,CANCELLED,2025-06-16,easy,4,Wiz Cloud,Wiz,100,exact
REQ38864,WWT,Wiz Defnd + Microsoft E5,"Procurement of Wiz Defnd is being prioritised under the FY23 budget allocation for security enhancements. The acquisition, handled through WWT, addresses critical gaps identified in the last compliance audit. The package will also integrate with TaniumMgmt to improve overall coverage in EMEA.",118326.18,DRAFT,2024-11-07,easy,5 | 53 | 105,Wiz Defend | Wiz Edge | Wiz Code,Wiz,94,fuzzy
REQ22363,Wiz Inc,MS 365 E5 + Zscaler IA,"Annual renewal and capacity expansion of Microsft 365 E5 for Americas teams is required to maintain defensive posture. This transaction via Wiz Inc also bundles Cisco FP2K licenses, ensuring integrated controls across multiple vectors. Implementation will be handled in Q2 following testing in staging environments.",214671.42,ORDERED,2023-04-21,easy,,,,0,no_match
REQ34050,CrowdStrike Inc,Tanium + WizCld + CrowdStrike Falcon,"Procurement of Tanium Endpoint is being prioritised under the FY23 budget allocation for security enhancements. The acquisition, handled through CrowdStrike Inc, addresses critical gaps identified in the last compliance audit. The package will also integrate with CrowdStrike EDR to improve overall coverage in APAC.",30041.22,DRAFT,2023-07-11,easy,,,,0,no_match
REQ61173,Wiz Inc,Zscaler IA + Wiz Cl0ud + Cisco FP2K,"Annual renewal and capacity expansion of Zscaler Internet Access for APAC teams is required to maintain defensive posture. This transaction via Wiz Inc also bundles Microsft 365 E5 licenses, ensuring integrated controls across multiple vectors. Implementation will be handled in Q2 following testing in staging environments.",81624.43,CANCELLED,2024-03-21,easy,4 | 7,Wiz Cloud | Zscaler Internet Access,Wiz | Zscaler,100,exact
REQ20500,Microsoft Corp,M i c r o s o f t 3 6 5 E5 + CrowdStrike Falcon,"Following the results of our latest vulnerability assessment, we are initiating the procurement of M i c r o s o f t 3 6 5 E5 to replace outdated solutions currently deployed across EMEA operations. This request, coordinated via Microsoft Corp, is part of our broader cyber resilience program. Additionally, this order includes partial licensing for Tanium to enhance layered security and comply with internal audit requirements.",339230.21,PENDING,2025-04-06,easy,,,,0,no_match
REQ51467,Wiz Inc,Microsft 365 E5 + Firepower 2K series + WizCld,"As part of our cloud security strategy, the acquisition of M i c r o s o f t 3 6 5 E5 is being processed via Wiz Inc. This initiative includes additional modules for Z$caler IA, supporting both EMEA and APAC operations. Justification for this procurement is tied to zero-trust architecture adoption and enhanced incident response readiness.",69784.75,CANCELLED,2025-07-25,easy,,,,0,no_match
REQ42018,CrowdStrike Inc,Cisco FP2K + Wiz Cl0ud + CS Falcon,"In response to recent threat intelligence reports, IT Security has recommended immediate onboarding of Cisco Firepower 2000 Series. This purchase, processed via CrowdStrike Inc, will complement our existing deployment of Wiz Cloud and ensure coverage for 126 users in APAC. Budget reallocation approved by the CISO on 2025-11-02.",307780.49,DRAFT,2024-09-05,easy,3 | 4,Cisco Firepower 2000 Series | Wiz Cloud,Cisco | Wiz,100,exact
REQ93130,CrowdStrike Inc,Tanium Endpoint + Wiz Defend + Wiz Cloud,"In response to recent threat intelligence reports, IT Security has recommended immediate onboarding of Tanium. This purchase, processed via CrowdStrike Inc, will complement our existing deployment of Cisco FP-2100 and ensure coverage for 1150 users in APAC. Budget reallocation approved by the CISO on 2024-07-11.",318970.8,CANCELLED,2023-04-01,easy,4 | 5,Wiz Cloud | Wiz Defend,Wiz,100,exact
REQ29536,Zscaler Inc,M i c r o s o f t 3 6 5 E5 + Wiz Cl0ud,"Following the results of our latest vulnerability assessment, we are initiating the procurement of Microsoft E5 to replace outdated solutions currently deployed across Americas operations. This request, coordinated via Zscaler Inc, is part of our broader cyber resilience program. Additionally, this order includes partial licensing for Tanium to enhance layered security and comply with internal audit requirements.",78306.42,PENDING,2023-03-27,easy,4,Wiz Cloud,Wiz,100,exact
REQ41029,Zscaler Inc,Cisco FP2K + CrowdStrike Falcon,"Annual renewal and capacity expansion of Cisco FP-2100 for APAC teams is required to maintain defensive posture. This transaction via Zscaler Inc also bundles Wiz Cl0ud licenses, ensuring integrated controls across multiple vectors. Implementation will be handled in Q2 following testing in staging environments.",93783.53,CANCELLED,2025-04-23,easy,4,Wiz Cloud,Wiz,100,exact
REQ50001,Wiz Inc,Zscaler Internet Access + Crowdstrik Flacon,"Annual renewal and capacity expansion of Zscaler IA for EMEA teams is required to maintain defensive posture. This transaction via Wiz Inc also bundles Crowdstrik Flacon licenses, ensuring integrated controls across multiple vectors. Implementation will be handled in Q1 following testing in staging environments.",202240.66,CANCELLED,2023-05-23,easy,7,Zscaler Internet Access,Zscaler,100,exact
REQ44795,Tanium Inc,Z$caler IA + MS 365 E5,"Procurement of Z$caler IA is being prioritised under the FY25 budget allocation for security enhancements. The acquisition, handled through Tanium Inc, addresses critical gaps identified in the last compliance audit. The package will also integrate with O365 E5 to improve overall coverage in Americas.",176115.12,CANCELLED,2025-06-12,easy,,,,0,no_match
REQ97900,CrowdStrike Inc,WizDefnd + Cisco Firepower 2000 Series,"As part of our cloud security strategy, the acquisition of Wiz Defnd is being processed via CrowdStrike Inc. This initiative includes additional modules for M i c r o s o f t 3 6 5 E5, supporting both EMEA and APAC operations. Justification for this procurement is tied to zero-trust architecture adoption and enhanced incident response readiness.",474692.87,CANCELLED,2024-10-04,easy,3,Cisco Firepower 2000 Series,Cisco,100,exact
REQ26683,CrowdStrike Inc,TaniumMgmt + WizCld,"In response to recent threat intelligence reports, IT Security has recommended immediate onboarding of TaniumMgmt. This purchase, processed via CrowdStrike Inc, will complement our existing deployment of Wiz Cl0ud and ensure coverage for 2510 users in Americas. Budget reallocation approved by the CISO on 2024-10-30.",340272.38,PENDING,2024-09-08,easy,4,Wiz Cloud,Wiz,100,exact
REQ72021,Microsoft Corp,Wiz Cloud + Zscaler IA,"Procurement of Wiz Cl0ud is being prioritised under the FY24 budget allocation for security enhancements. The acquisition, handled through Microsoft Corp, addresses critical gaps identified in the last compliance audit. The package will also integrate with WizDefnd to improve overall coverage in APAC.",260148.74,CANCELLED,2023-07-11,easy,4,Wiz Cloud,Wiz,100,exact
REQ69692,Wiz Inc,Zscaler Internet Access + TaniumMgmt + Wiz Defnd,"As part of our cloud security strategy, the acquisition of Zscaler Internet Access is being processed via Wiz Inc. This initiative includes additional modules for CrowdStrike EDR, supporting both EMEA and APAC operations. Justification for this procurement is tied to zero-trust architecture adoption and enhanced incident response readiness.",195069.34,ORDERED,2024-05-14,easy,7,Zscaler Internet Access,Zscaler,100,exact
REQ27477,Microsoft Corp,CS Falcon + Zscaler IA + TaniumMgmt,"Following the results of our latest vulnerability assessment, we are initiating the procurement of CrowdStrike EDR to replace outdated solutions currently deployed across APAC operations. This request, coordinated via Microsoft Corp, is part of our broader cyber resilience program. Additionally, this order includes partial licensing for Tanium to enhance layered security and comply with internal audit requirements.",408428.22,ORDERED,2025-07-02,easy,,,,0,no_match
REQ67654,WWT,CS Falcon + Zscaler Internet Access,"Procurement of CS Falcon is being prioritised under the FY25 budget allocation for security enhancements. The acquisition, handled through WWT, addresses critical gaps identified in the last compliance audit. The package will also integrate with Wiz Defnd to improve overall coverage in APAC.",139498.98,CANCELLED,2023-06-15,easy,7,Zscaler Internet Access,Zscaler,100,exact
REQ64496,Cisco Systems,CrowdStrike EDR + Cisco FP2K,"In response to recent threat intelligence reports, IT Security has recommended immediate onboarding of CrowdStrike EDR. This purchase, processed via Cisco Systems, will complement our existing deployment of WizDefnd and ensure coverage for 1944 users in APAC. Budget reallocation approved by the CISO on 2023-05-12.",452895.05,DRAFT,2025-02-18,easy,,,,0,no_match
REQ13804,Microsoft Corp,Wiz Cl0ud + Cisco FP-2100 + WizDefnd,"Annual renewal and capacity expansion of WizCld for APAC teams is required to maintain defensive posture. This transaction via Microsoft Corp also bundles CS Falcon licenses, ensuring integrated controls across multiple vectors. Implementation will be handled in Q2 following testing in staging environments.",460173.1,DRAFT,2025-03-17,easy,4,Wiz Cloud,Wiz,100,exact
REQ37742,Microsoft Corp,WizDefnd + Firepower 2K series + Zscaler IA,"Annual renewal and capacity expansion of WizDefnd for Americas teams is required to maintain defensive posture. This transaction via Microsoft Corp also bundles O365 E5 licenses, ensuring integrated controls across multiple vectors. Implementation will be handled in Q4 following testing in staging environments.",129874.41,DRAFT,2025-08-21,easy,5,Wiz Defend,Wiz,88,fuzzy
REQ29973,Microsoft Corp,MS 365 E5 + Cisco Firepower 2000 Series,"Following the results of our latest vulnerability assessment, we are initiating the procurement of M i c r o s o f t 3 6 5 E5 to replace outdated solutions currently deployed across EMEA operations. This request, coordinated via Microsoft Corp, is part of our broader cyber resilience program. Additionally, this order includes partial licensing for Cisco FP-2100 to enhance layered security and comply with internal audit requirements.",284164.94,PENDING,2025-08-10,easy,3,Cisco Firepower 2000 Series,Cisco,100,exact
REQ98781,Tanium Inc,Tanium + Wiz Cl0ud + Crowdstrik Flacon,"In response to recent threat intelligence reports, IT Security has recommended immediate onboarding of TaniumMgmt. This purchase, processed via Tanium Inc, will complement our existing deployment of Wiz Defend and ensure coverage for 3071 users in EMEA. Budget reallocation approved by the CISO on 2023-08-10.",55441.15,CANCELLED,2023-09-05,easy,4 | 5,Wiz Cloud | Wiz Defend,Wiz,100,exact
REQ65057,Microsoft Corp,Zscaler IA + MS 365 E5 + Wiz Cl0ud,"In response to recent threat intelligence reports, IT Security has recommended immediate onboarding of Zscaler Internet Access. This purchase, processed via Microsoft Corp, will complement our existing deployment of Wiz Defnd and ensure coverage for 2894 users in Americas. Budget reallocation approved by the CISO on 2023-05-22.",80730.62,PENDING,2025-12-04,easy,4 | 7,Wiz Cloud | Zscaler Internet Access,Wiz | Zscaler,100,exact
REQ41963,Tanium Inc,TaniumMgmt + WizDefnd + Zscaler IA,"In response to recent threat intelligence reports, IT Security has recommended immediate onboarding of Tanium Endpoint. This purchase, processed via Tanium Inc, will complement our existing deployment of CrowdStrike Falcon and ensure coverage for 4458 users in APAC. Budget reallocation approved by the CISO on 2024-10-22.",19206.5,CANCELLED,2024-01-08,easy,,,,0,no_match
REQ63271,Wiz Inc,Wiz Cl0ud + Tanium Endpoint + CrowdStrike EDR,"Following the results of our latest vulnerability assessment, we are initiating the procurement of Wiz Cloud to replace outdated solutions currently deployed across APAC operations. This request, coordinated via Wiz Inc, is part of our broader cyber resilience program. Additionally, this order includes partial licensing for Tanium to enhance layered security and comply with internal audit requirements.",226846.4,DRAFT,2023-07-10,easy,4,Wiz Cloud,Wiz,100,exact
REQ82140,Wiz Inc,Firepower 2K series + WizCld + WizDefnd,"In response to recent threat intelligence reports, IT Security has recommended immediate onboarding of Cisco FP2K. This purchase, processed via Wiz Inc, will complement our existing deployment of TaniumMgmt and ensure coverage for 3362 users in Americas. Budget reallocation approved by the CISO on 2025-08-27.",119116.33,PENDING,2024-10-08,easy,,,,0,no_match
REQ33519,Cisco Systems,Microsft 365 E5 + CS Falcon + Tanium,"Procurement of O365 E5 is being prioritised under the FY24 budget allocation for security enhancements. The acquisition, handled through Cisco Systems, addresses critical gaps identified in the last compliance audit. The package will also integrate with Firepower 2K series to improve overall coverage in EMEA.",487275.99,CANCELLED,2023-09-16,easy,,,,0,no_match
REQ72616,WWT,Tanium Endpoint + MS 365 E5,"Following the results of our latest vulnerability assessment, we are initiating the procurement of Tanium Endpoint to replace outdated solutions currently deployed across EMEA operations. This request, coordinated via WWT, is part of our broader cyber resilience program. Additionally, this order includes partial licensing for Cisco FP-2100 to enhance layered security and comply with internal audit requirements.",41670.67,DRAFT,2023-11-07,easy,,,,0,no_match
REQ48974,Tanium Inc,CrowdStrike Falcon + Wiz Cl0ud + TaniumMgmt,"Annual renewal and capacity expansion of CrowdStrike EDR for EMEA teams is required to maintain defensive posture. This transaction via Tanium Inc also bundles Tanium Endpoint licenses, ensuring integrated controls across multiple vectors. Implementation will be handled in Q4 following testing in staging environments.",54120.62,PENDING,2024-03-08,easy,4,Wiz Cloud,Wiz,100,exact
REQ48175,CrowdStrike Inc,Firepower 2K series + CS Falcon,"Annual renewal and capacity expansion of Cisco FP2K for EMEA teams is required to maintain defensive posture. This transaction via CrowdStrike Inc also bundles MS 365 E5 licenses, ensuring integrated controls across multiple vectors. Implementation will be handled in Q1 following testing in staging environments.",352978.84,ORDERED,2023-05-26,easy,,,,0,no_match
REQ19359,Wiz Inc,Tanium Endpoint + CS Falcon,"In response to recent threat intelligence reports, IT Security has recommended immediate onboarding of Tanium. This purchase, processed via Wiz Inc, will complement our existing deployment of Zscaler Internet Access and ensure coverage for 2217 users in Americas. Budget reallocation approved by the CISO on 2024-04-05.",222380.96,ORDERED,2024-09-14,easy,7,Zscaler Internet Access,Zscaler,100,exact
REQ42816,CC,Tanium + M i c r o s o f t 3 6 5 E5,"In response to recent threat intelligence reports, IT Security has recommended immediate onboarding of TaniumMgmt. This purchase, processed via CC, will complement our existing deployment of Wiz Cl0ud and ensure coverage for 2280 users in Americas. Budget reallocation approved by the CISO on 2023-03-23.",295625.85,DRAFT,2024-07-05,easy,4,Wiz Cloud,Wiz,100,exact
REQ55607,Microsoft Corp,Wiz Defnd + Cisco Firepower 2000 Series + Zscaler Internet Access,"Following the results of our latest vulnerability assessment, we are initiating the procurement of WizDefnd to replace outdated solutions currently deployed across APAC operations. This request, coordinated via Microsoft Corp, is part of our broader cyber resilience program. Additionally, this order includes partial licensing for Zscaler IA to enhance layered security and comply with internal audit requirements.",168252.81,ORDERED,2024-08-13,easy,3 | 7,Cisco Firepower 2000 Series | Zscaler Internet Access,Cisco | Zscaler,100,exact
REQ10150,CC,Tanium + Wiz Cl0ud + O365 E5,"Annual renewal and capacity expansion of TaniumMgmt for EMEA teams is required to maintain defensive posture. This transaction via CC also bundles Cisco Firepower 2000 Series licenses, ensuring integrated controls across multiple vectors. Implementation will be handled in Q3 following testing in staging environments.",313203.77,ORDERED,2025-06-24,easy,3 | 4,Cisco Firepower 2000 Series | Wiz Cloud,Cisco | Wiz,100,exact
REQ30758,Microsoft Corp,Z$caler IA + WizDefnd + Microsoft E5,"As part of our cloud security strategy, the acquisition of Zscaler Internet Access is being processed via Microsoft Corp. This initiative includes additional modules for Microsoft E5, supporting both EMEA and APAC operations. Justification for this procurement is tied to zero-trust architecture adoption and enhanced incident response readiness.",116226.83,DRAFT,2025-08-03,easy,7,Zscaler Internet Access,Zscaler,100,exact
REQ82255,Cisco Systems,Microsft 365 E5 + Wiz Defnd,"Procurement of MS 365 E5 is being prioritised under the FY25 budget allocation for security enhancements. The acquisition, handled through Cisco Systems, addresses critical gaps identified in the last compliance audit. The package will also integrate with WizDefnd to improve overall coverage in Americas.",256579.24,PENDING,2023-05-23,easy,5,Wiz Defend,Wiz,90,fuzzy
REQ68529,CC,Cisco FP2K + WizCld + Zscaler IA,"Annual renewal and capacity expansion of Cisco FP-2100 for Americas teams is required to maintain defensive posture. This transaction via CC also bundles TaniumMgmt licenses, ensuring integrated controls across multiple vectors. Implementation will be handled in Q3 following testing in staging environments.",435452.83,PENDING,2025-02-23,easy,,,,0,no_match
REQ14852,CC,CS Falcon + Tanium,"Procurement of CrowdStrike EDR is being prioritised under the FY25 budget allocation for security enhancements. The acquisition, handled through CC, addresses critical gaps identified in the last compliance audit. The package will also integrate with Z$caler IA to improve overall coverage in APAC.",437724.24,ORDERED,2023-07-24,easy,,,,0,no_match
REQ62098,WWT,Wiz Defnd + Cisco FP2K,"In response to recent threat intelligence reports, IT Security has recommended immediate onboarding of Wiz Defnd. This purchase, processed via WWT, will complement our existing deployment of WizCld and ensure coverage for 175 users in Americas. Budget reallocation approved by the CISO on 2023-06-03.",477299.1,ORDERED,2023-03-15,easy,5 | 53 | 105,Wiz Defend | Wiz Edge | Wiz Code,Wiz,94,fuzzy
REQ49251,CrowdStrike Inc,WizDefnd + Microsoft E5,"Annual renewal and capacity expansion of Wiz Defend for Americas teams is required to maintain defensive posture. This transaction via CrowdStrike Inc also bundles Microsoft E5 licenses, ensuring integrated controls across multiple vectors. Implementation will be handled in Q1 following testing in staging environments.",150217.05,CANCELLED,2025-06-01,easy,5,Wiz Defend,Wiz,100,exact
REQ75230,Wiz Inc,CrowdStrike EDR + Firepower 2K series,"As part of our cloud security strategy, the acquisition of Crowdstrik Flacon is being processed via Wiz Inc. This initiative includes additional modules for Tanium Endpoint, supporting both EMEA and APAC operations. Justification for this procurement is tied to zero-trust architecture adoption and enhanced incident response readiness.",232487.4,DRAFT,2025-08-10,easy,,,,0,no_match
REQ36111,Cisco Systems,Cisco FP-2100 + WizDefnd + M i c r o s o f t 3 6 5 E5,"Annual renewal and capacity expansion of Firepower 2K series for APAC teams is required to maintain defensive posture. This transaction via Cisco Systems also bundles Zscaler IA licenses, ensuring integrated controls across multiple vectors. Implementation will be handled in Q3 following testing in staging environments.",182684.78,CANCELLED,2024-08-27,easy,,,,0,no_match
REQ91381,CC,Microsoft E5 + Z$caler IA + Cisco Firepower 2000 Series,"Procurement of Microsft 365 E5 is being prioritised under the FY25 budget allocation for security enhancements. The acquisition, handled through CC, addresses critical gaps identified in the last compliance audit. The package will also integrate with Firepower 2K series to improve overall coverage in EMEA.",157921.78,ORDERED,2023-03-10,easy,3,Cisco Firepower 2000 Series,Cisco,100,exact
REQ79579,Zscaler Inc,WizDefnd + CS Falcon + Firepower 2K series,"As part of our cloud security strategy, the acquisition of WizDefnd is being processed via Zscaler Inc. This initiative includes additional modules for Crowdstrik Flacon, supporting both EMEA and APAC operations. Justification for this procurement is tied to zero-trust architecture adoption and enhanced incident response readiness.",403095.11,ORDERED,2023-06-04,easy,5,Wiz Defend,Wiz,88,fuzzy
REQ58311,Wiz Inc,CS Falcon + Tanium + Wiz Defnd,"Following the results of our latest vulnerability assessment, we are initiating the procurement of CrowdStrike EDR to replace outdated solutions currently deployed across Americas operations. This request, coordinated via Wiz Inc, is part of our broader cyber resilience program. Additionally, this order includes partial licensing for Wiz Cl0ud to enhance layered security and comply with internal audit requirements.",120741.84,DRAFT,2024-11-02,easy,4,Wiz Cloud,Wiz,100,exact
REQ49893,Wiz Inc,Wiz Defend + M i c r o s o f t 3 6 5 E5 + Zscaler Internet Access,"Following the results of our latest vulnerability assessment, we are initiating the procurement of Wiz Defend to replace outdated solutions currently deployed across Americas operations. This request, coordinated via Wiz Inc, is part of our broader cyber resilience program. Additionally, this order includes partial licensing for Microsft 365 E5 to enhance layered security and comply with internal audit requirements.",197379.69,CANCELLED,2025-05-08,easy,5 | 7,Wiz Defend | Zscaler Internet Access,Wiz | Zscaler,100,exact
REQ68287,Cisco Systems,Wiz Defend + Firepower 2K series,"Procurement of WizDefnd is being prioritised under the FY24 budget allocation for security enhancements. The acquisition, handled through Cisco Systems, addresses critical gaps identified in the last compliance audit. The package will also integrate with O365 E5 to improve overall coverage in Americas.",274510.6,CANCELLED,2023-05-05,easy,5,Wiz Defend,Wiz,100,exact
REQ84000,Tanium Inc,Wiz Cl0ud + Microsft 365 E5,"Procurement of Wiz Cloud is being prioritised under the FY23 budget allocation for security enhancements. The acquisition, handled through Tanium Inc, addresses critical gaps identified in the last compliance audit. The package will also integrate with O365 E5 to improve overall coverage in EMEA.",295259.63,PENDING,2024-11-03,easy,4,Wiz Cloud,Wiz,100,exact
REQ11947,Cisco Systems,Zscaler IA + CrowdStrike Falcon + Wiz Defend,"Following the results of our latest vulnerability assessment, we are initiating the procurement of Zscaler Internet Access to replace outdated solutions currently deployed across EMEA operations. This request, coordinated via Cisco Systems, is part of our broader cyber resilience program. Additionally, this order includes partial licensing for CrowdStrike Falcon to enhance layered security and comply with internal audit requirements.",136356.92,PENDING,2025-05-12,easy,5 | 7,Wiz Defend | Zscaler Internet Access,Wiz | Zscaler,100,exact
REQ96363,CrowdStrike Inc,Wiz Defend + WizCld + MS 365 E5,"As part of our cloud security strategy, the acquisition of Wiz Defend is being processed via CrowdStrike Inc. This initiative includes additional modules for Tanium, supporting both EMEA and APAC operations. Justification for this procurement is tied to zero-trust architecture adoption and enhanced incident response readiness.",216005.44,DRAFT,2025-10-01,easy,5,Wiz Defend,Wiz,100,exact
REQ86724,WWT,TaniumMgmt + WizCld + WizDefnd,"As part of our cloud security strategy, the acquisition of TaniumMgmt is being processed via WWT. This initiative includes additional modules for CS Falcon, supporting both EMEA and APAC operations. Justification for this procurement is tied to zero-trust architecture adoption and enhanced incident response readiness.",255247.78,ORDERED,2023-07-23,easy,,,,0,no_match
REQ64524,CrowdStrike Inc,Zscaler IA + Firepower 2K series,"Annual renewal and capacity expansion of Zscaler IA for Americas teams is required to maintain defensive posture. This transaction via CrowdStrike Inc also bundles WizCld licenses, ensuring integrated controls across multiple vectors. Implementation will be handled in Q4 following testing in staging environments.",334228.39,CANCELLED,2023-11-09,easy,,,,0,no_match
REQ82924,WWT,TaniumMgmt + Wiz Defnd,"In response to recent threat intelligence reports, IT Security has recommended immediate onboarding of Tanium. This purchase, processed via WWT, will complement our existing deployment of Z$caler IA and ensure coverage for 599 users in EMEA. Budget reallocation approved by the CISO on 2023-07-17.",168174.76,DRAFT,2025-04-21,easy,5,Wiz Defend,Wiz,90,fuzzy
REQ24184,CC,Cisco Firepower 2000 Series + Tanium Endpoint + Wiz Cl0ud,"Annual renewal and capacity expansion of Cisco FP-2100 for APAC teams is required to maintain defensive posture. This transaction via CC also bundles Crowdstrik Flacon licenses, ensuring integrated controls across multiple vectors. Implementation will be handled in Q1 following testing in staging environments.",116948.75,ORDERED,2023-02-23,easy,3 | 4,Cisco Firepower 2000 Series | Wiz Cloud,Cisco | Wiz,100,exact
REQ84228,Tanium Inc,Wiz Defnd + Microsoft E5 + CrowdStrike Falcon,"Procurement of Wiz Defend is being prioritised under the FY25 budget allocation for security enhancements. The acquisition, handled through Tanium Inc, addresses critical gaps identified in the last compliance audit. The package will also integrate with Cisco Firepower 2000 Series to improve overall coverage in EMEA.",374325.32,PENDING,2025-02-09,easy,3 | 5,Cisco Firepower 2000 Series | Wiz Defend,Cisco | Wiz,100,exact
REQ16522,WWT,WizCld + Cisco FP2K,"Procurement of Wiz Cl0ud is being prioritised under the FY24 budget allocation for security enhancements. The acquisition, handled through WWT, addresses critical gaps identified in the last compliance audit. The package will also integrate with Microsft 365 E5 to improve overall coverage in EMEA.",245402.54,ORDERED,2025-04-28,easy,4,Wiz Cloud,Wiz,100,exact
REQ79066,Wiz Inc,Cisco FP2K + M i c r o s o f t 3 6 5 E5 + CrowdStrike Falcon,"As part of our cloud security strategy, the acquisition of Cisco FP2K is being processed via Wiz Inc. This initiative includes additional modules for Z$caler IA, supporting both EMEA and APAC operations. Justification for this procurement is tied to zero-trust architecture adoption and enhanced incident response readiness.",8805.11,CANCELLED,2024-03-08,easy,,,,0,no_match
REQ59834,Cisco Systems,Z$caler IA + Wiz Defnd,"Procurement of Zscaler Internet Access is being prioritised under the FY23 budget allocation for security enhancements. The acquisition, handled through Cisco Systems, addresses critical gaps identified in the last compliance audit. The package will also integrate with Tanium Endpoint to improve overall coverage in APAC.",404069.09,DRAFT,2025-03-24,easy,7,Zscaler Internet Access,Zscaler,100,exact
REQ25096,Microsoft Corp,Zscaler Internet Access + M i c r o s o f t 3 6 5 E5 + Cisco FP2K,"Annual renewal and capacity expansion of Zscaler IA for EMEA teams is required to maintain defensive posture. This transaction via Microsoft Corp also bundles WizDefnd licenses, ensuring integrated controls across multiple vectors. Implementation will be handled in Q3 following testing in staging environments.",416852.83,CANCELLED,2023-06-30,easy,7,Zscaler Internet Access,Zscaler,100,exact
REQ32037,CrowdStrike Inc,Wiz Cl0ud + Tanium,"Procurement of WizCld is being prioritised under the FY25 budget allocation for security enhancements. The acquisition, handled through CrowdStrike Inc, addresses critical gaps identified in the last compliance audit. The package will also integrate with Firepower 2K series to improve overall coverage in APAC.",267649.39,PENDING,2024-12-16,easy,4,Wiz Cloud,Wiz,100,exact
REQ92306,Cisco Systems,Cisco FP2K + Wiz Defnd + TaniumMgmt,"Following the results of our latest vulnerability assessment, we are initiating the procurement of Cisco FP-2100 to replace outdated solutions currently deployed across EMEA operations. This request, coordinated via Cisco Systems, is part of our broader cyber resilience program. Additionally, this order includes partial licensing for Tanium to enhance layered security and comply with internal audit requirements.",323280.96,CANCELLED,2024-10-09,easy,5,Wiz Defend,Wiz,90,fuzzy
REQ50685,WWT,CrowdStrike Falcon + WizDefnd + O365 E5,"In response to recent threat intelligence reports, IT Security has recommended immediate onboarding of CrowdStrike Falcon. This purchase, processed via WWT, will complement our existing deployment of Tanium and ensure coverage for 609 users in APAC. Budget reallocation approved by the CISO on 2024-07-16.",42981.85,DRAFT,2025-11-04,easy,,,,0,no_match
REQ18109,WWT,Wiz Cl0ud + Microsoft E5 + Cisco FP-2100,"As part of our cloud security strategy, the acquisition of Wiz Cloud is being processed via WWT. This initiative includes additional modules for Tanium Endpoint, supporting both EMEA and APAC operations. Justification for this procurement is tied to zero-trust architecture adoption and enhanced incident response readiness.",24375.35,ORDERED,2025-06-18,easy,4,Wiz Cloud,Wiz,100,exact
REQ94843,Cisco Systems,Wiz Defend + M i c r o s o f t 3 6 5 E5 + Cisco FP2K,"Following the results of our latest vulnerability assessment, we are initiating the procurement of Wiz Defnd to replace outdated solutions currently deployed across APAC operations. This request, coordinated via Cisco Systems, is part of our broader cyber resilience program. Additionally, this order includes partial licensing for Z$caler IA to enhance layered security and comply with internal audit requirements.",145652.75,PENDING,2024-11-13,easy,5,Wiz Defend,Wiz,100,exact
REQ97833,Cisco Systems,MS 365 E5 + Z$caler IA,"In response to recent threat intelligence reports, IT Security has recommended immediate onboarding of Microsft 365 E5. This purchase, processed via Cisco Systems, will complement our existing deployment of Tanium Endpoint and ensure coverage for 2915 users in APAC. Budget reallocation approved by the CISO on 2024-09-26.",184104.91,CANCELLED,2024-09-24,easy,,,,0,no_match
REQ96760,Wiz Inc,CrowdStrike EDR + Tanium + Cisco FP-2100,"Following the results of our latest vulnerability assessment, we are initiating the procurement of CrowdStrike Falcon to replace outdated solutions currently deployed across APAC operations. This request, coordinated via Wiz Inc, is part of our broader cyber resilience program. Additionally, this order includes partial licensing for O365 E5 to enhance layered security and comply with internal audit requirements.",94518.75,PENDING,2025-06-15,easy,,,,0,no_match
REQ35430,CC,MS 365 E5 + Zscaler IA + Tanium Endpoint,"In response to recent threat intelligence reports, IT Security has recommended immediate onboarding of MS 365 E5. This purchase, processed via CC, will complement our existing deployment of Cisco FP-2100 and ensure coverage for 3034 users in Americas. Budget reallocation approved by the CISO on 2025-07-08.",390171.4,ORDERED,2023-11-28,easy,,,,0,no_match
REQ47363,Wiz Inc,Zscaler IA + CrowdStrike EDR,"As part of our cloud security strategy, the acquisition of Zscaler Internet Access is being processed via Wiz Inc. This initiative includes additional modules for Wiz Defend, supporting both EMEA and APAC operations. Justification for this procurement is tied to zero-trust architecture adoption and enhanced incident response readiness.",453126.57,PENDING,2025-06-14,easy,5 | 7,Wiz Defend | Zscaler Internet Access,Wiz | Zscaler,100,exact
REQ20696,Wiz Inc,O365 E5 + Cisco Firepower 2000 Series + CS Falcon,"Procurement of MS 365 E5 is being prioritised under the FY24 budget allocation for security enhancements. The acquisition, handled through Wiz Inc, addresses critical gaps identified in the last compliance audit. The package will also integrate with Tanium Endpoint to improve overall coverage in APAC.",396733.42,PENDING,2023-03-20,easy,3,Cisco Firepower 2000 Series,Cisco,100,exact
REQ81932,WWT,Cisco FP-2100 + O365 E5 + Wiz Cloud,"Procurement of Cisco FP-2100 is being prioritised under the FY24 budget allocation for security enhancements. The acquisition, handled through WWT, addresses critical gaps identified in the last compliance audit. The package will also integrate with O365 E5 to improve overall coverage in Americas.",28635.98,ORDERED,2025-07-25,easy,4,Wiz Cloud,Wiz,100,exact
REQ56244,CrowdStrike Inc,MS 365 E5 + Tanium,"Following the results of our latest vulnerability assessment, we are initiating the procurement of M i c r o s o f t 3 6 5 E5 to replace outdated solutions currently deployed across Americas operations. This request, coordinated via CrowdStrike Inc, is part of our broader cyber resilience program. Additionally, this order includes partial licensing for WizCld to enhance layered security and comply with internal audit requirements.",333863.79,DRAFT,2025-12-08,easy,,,,0,no_match
REQ12128,CrowdStrike Inc,Cisco FP-2100 + Microsoft E5 + Wiz Cl0ud,"In response to recent threat intelligence reports, IT Security has recommended immediate onboarding of Firepower 2K series. This purchase, processed via CrowdStrike Inc, will complement our existing deployment of Zscaler IA and ensure coverage for 4359 users in Americas. Budget reallocation approved by the CISO on 2023-03-31.",368917.56,CANCELLED,2023-10-01,easy,4,Wiz Cloud,Wiz,100,exact
REQ69988,Zscaler Inc,Microsft 365 E5 + Wiz Cloud,"Procurement of Microsoft E5 is being prioritised under the FY25 budget allocation for security enhancements. The acquisition, handled through Zscaler Inc, addresses critical gaps identified in the last compliance audit. The package will also integrate with Zscaler Internet Access to improve overall coverage in APAC.",396599.06,DRAFT,2024-10-08,easy,4 | 7,Wiz Cloud | Zscaler Internet Access,Wiz | Zscaler,100,exact
REQ26315,CC,Cisco FP2K + WizDefnd + Zscaler IA,"In response to recent threat intelligence reports, IT Security has recommended immediate onboarding of Firepower 2K series. This purchase, processed via CC, will complement our existing deployment of Wiz Cloud and ensure coverage for 4498 users in APAC. Budget reallocation approved by the CISO on 2024-08-08.",486993.17,ORDERED,2025-10-15,easy,4,Wiz Cloud,Wiz,100,exact
REQ20494,Tanium Inc,Firepower 2K series + Zscaler IA + Wiz Cl0ud,"In response to recent threat intelligence reports, IT Security has recommended immediate onboarding of Cisco Firepower 2000 Series. This purchase, processed via Tanium Inc, will complement our existing deployment of Tanium Endpoint and ensure coverage for 726 users in Americas. Budget reallocation approved by the CISO on 2024-01-05.",360243.14,PENDING,2025-06-28,easy,3 | 4,Cisco Firepower 2000 Series | Wiz Cloud,Cisco | Wiz,100,exact
REQ57619,WWT,Cisco FP-2100 + M i c r o s o f t 3 6 5 E5,"Following the results of our latest vulnerability assessment, we are initiating the procurement of Cisco FP2K to replace outdated solutions currently deployed across Americas operations. This request, coordinated via WWT, is part of our broader cyber resilience program. Additionally, this order includes partial licensing for Zscaler Internet Access to enhance layered security and comply with internal audit requirements.",340653.99,ORDERED,2023-03-13,easy,7,Zscaler Internet Access,Zscaler,100,exact
REQ58760,CrowdStrike Inc,Crowdstrik Flacon + M i c r o s o f t 3 6 5 E5 + Tanium Endpoint,"Annual renewal and capacity expansion of CS Falcon for Americas teams is required to maintain defensive posture. This transaction via CrowdStrike Inc also bundles Tanium licenses, ensuring integrated controls across multiple vectors. Implementation will be handled in Q4 following testing in staging environments.",202026.85,CANCELLED,2024-05-26,easy,,,,0,no_match
REQ90199,Microsoft Corp,Microsft 365 E5 + Zscaler Internet Access + Wiz Defend,"Annual renewal and capacity expansion of Microsft 365 E5 for APAC teams is required to maintain defensive posture. This transaction via Microsoft Corp also bundles Wiz Cl0ud licenses, ensuring integrated controls across multiple vectors. Implementation will be handled in Q1 following testing in staging environments.",427149.01,ORDERED,2023-12-20,easy,4 | 5 | 7,Wiz Cloud | Wiz Defend | Zscaler Internet Access,Wiz | Zscaler,100,exact
REQ30644,WWT,TaniumMgmt + Cisco FP-2100,"In response to recent threat intelligence reports, IT Security has recommended immediate onboarding of Tanium Endpoint. This purchase, processed via WWT, will complement our existing deployment of Wiz Defnd and ensure coverage for 769 users in Americas. Budget reallocation approved by the CISO on 2023-05-13.",65074.42,PENDING,2023-10-12,easy,5,Wiz Defend,Wiz,90,fuzzy
REQ78903,WWT,CrowdStrike Falcon + Wiz Defend + Tanium Endpoint,"Annual renewal and capacity expansion of CrowdStrike EDR for APAC teams is required to maintain defensive posture. This transaction via WWT also bundles O365 E5 licenses, ensuring integrated controls across multiple vectors. Implementation will be handled in Q2 following testing in staging environments.",322957.6,ORDERED,2025-08-12,easy,5,Wiz Defend,Wiz,100,exact
REQ49862,Zscaler Inc,Tanium Endpoint + Crowdstrik Flacon,"As part of our cloud security strategy, the acquisition of Tanium is being processed via Zscaler Inc. This initiative includes additional modules for Microsoft E5, supporting both EMEA and APAC operations. Justification for this procurement is tied to zero-trust architecture adoption and enhanced incident response readiness.",176281.43,CANCELLED,2023-06-11,easy,,,,0,no_match
REQ32439,Wiz Inc,Cisco Firepower 2000 Series + Tanium + Microsoft E5,"Procurement of Cisco FP-2100 is being prioritised under the FY25 budget allocation for security enhancements. The acquisition, handled through Wiz Inc, addresses critical gaps identified in the last compliance audit. The package will also integrate with M i c r o s o f t 3 6 5 E5 to improve overall coverage in APAC.",474530.69,CANCELLED,2024-03-07,easy,3,Cisco Firepower 2000 Series,Cisco,100,exact
REQ19564,CC,Zscaler IA + CrowdStrike EDR,"In response to recent threat intelligence reports, IT Security has recommended immediate onboarding of Zscaler IA. This purchase, processed via CC, will complement our existing deployment of CrowdStrike EDR and ensure coverage for 298 users in APAC. Budget reallocation approved by the CISO on 2025-09-16.",244704.31,PENDING,2024-11-27,easy,,,,0,no_match
REQ23917,Cisco Systems,Wiz Defend + CS Falcon + WizCld,"As part of our cloud security strategy, the acquisition of Wiz Defnd is being processed via Cisco Systems. This initiative includes additional modules for CS Falcon, supporting both EMEA and APAC operations. Justification for this procurement is tied to zero-trust architecture adoption and enhanced incident response readiness.",127719.85,DRAFT,2023-04-14,easy,5,Wiz Defend,Wiz,100,exact
REQ75373,CC,Cisco Firepower 2000 Series + WizDefnd + M i c r o s o f t 3 6 5 E5,"As part of our cloud security strategy, the acquisition of Cisco FP2K is being processed via CC. This initiative includes additional modules for CrowdStrike EDR, supporting both EMEA and APAC operations. Justification for this procurement is tied to zero-trust architecture adoption and enhanced incident response readiness.",231329.17,PENDING,2024-03-16,easy,3,Cisco Firepower 2000 Series,Cisco,100,exact
REQ27555,Zscaler Inc,WizDefnd + Zscaler IA + Cisco Firepower 2000 Series,"Following the results of our latest vulnerability assessment, we are initiating the procurement of WizDefnd to replace outdated solutions currently deployed across EMEA operations. This request, coordinated via Zscaler Inc, is part of our broader cyber resilience program. Additionally, this order includes partial licensing for Tanium to enhance layered security and comply with internal audit requirements.",203287.9,PENDING,2025-01-12,easy,3,Cisco Firepower 2000 Series,Cisco,100,exact
REQ54444,Tanium Inc,Wiz Defnd + CrowdStrike EDR + Z$caler IA,"Annual renewal and capacity expansion of WizDefnd for APAC teams is required to maintain defensive posture. This transaction via Tanium Inc also bundles CrowdStrike Falcon licenses, ensuring integrated controls across multiple vectors. Implementation will be handled in Q3 following testing in staging environments.",24926.18,DRAFT,2023-10-08,easy,5 | 53 | 105,Wiz Defend | Wiz Edge | Wiz Code,Wiz,94,fuzzy
REQ90805,Zscaler Inc,TaniumMgmt + Wiz Defnd + Cisco FP2K,"Procurement of Tanium Endpoint is being prioritised under the FY23 budget allocation for security enhancements. The acquisition, handled through Zscaler Inc, addresses critical gaps identified in the last compliance audit. The package will also integrate with WizDefnd to improve overall coverage in Americas.",355826.2,CANCELLED,2025-08-30,easy,5,Wiz Defend,Wiz,90,fuzzy
REQ85821,Microsoft Corp,Zscaler Internet Access + TaniumMgmt,"In response to recent threat intelligence reports, IT Security has recommended immediate onboarding of Z$caler IA. This purchase, processed via Microsoft Corp, will complement our existing deployment of WizDefnd and ensure coverage for 3067 users in APAC. Budget reallocation approved by the CISO on 2023-02-24.",242822.15,ORDERED,2023-10-30,easy,7,Zscaler Internet Access,Zscaler,100,exact
REQ36724,Wiz Inc,Zscaler IA + Wiz Defnd + TaniumMgmt,"Procurement of Zscaler IA is being prioritised under the FY23 budget allocation for security enhancements. The acquisition, handled through Wiz Inc, addresses critical gaps identified in the last compliance audit. The package will also integrate with Cisco FP2K to improve overall coverage in Americas.",35829.24,PENDING,2025-11-28,easy,5,Wiz Defend,Wiz,90,fuzzy
REQ98587,Zscaler Inc,Crowdstrik Flacon + Tanium + WizDefnd,"As part of our cloud security strategy, the acquisition of CS Falcon is being processed via Zscaler Inc. This initiative includes additional modules for Tanium Endpoint, supporting both EMEA and APAC operations. Justification for this procurement is tied to zero-trust architecture adoption and enhanced incident response readiness.",281252.89,PENDING,2024-09-01,easy,,,,0,no_match
REQ25974,Tanium Inc,Zscaler Internet Access + WizCld + Cisco Firepower 2000 Series,"In response to recent threat intelligence reports, IT Security has recommended immediate onboarding of Zscaler IA. This purchase, processed via Tanium Inc, will complement our existing deployment of Wiz Defnd and ensure coverage for 1748 users in Americas. Budget reallocation approved by the CISO on 2024-12-15.",147377.02,DRAFT,2024-12-10,easy,3 | 7,Cisco Firepower 2000 Series | Zscaler Internet Access,Cisco | Zscaler,100,exact
REQ86917,Tanium Inc,Wiz Cloud + Crowdstrik Flacon,"As part of our cloud security strategy, the acquisition of Wiz Cl0ud is being processed via Tanium Inc. This initiative includes additional modules for CrowdStrike Falcon, supporting both EMEA and APAC operations. Justification for this procurement is tied to zero-trust architecture adoption and enhanced incident response readiness.",320782.56,DRAFT,2023-07-25,easy,4,Wiz Cloud,Wiz,100,exact
REQ36143,Zscaler Inc,Wiz Cl0ud + Cisco Firepower 2000 Series + Zscaler Internet Access,"Annual renewal and capacity expansion of Wiz Cl0ud for EMEA teams is required to maintain defensive posture. This transaction via Zscaler Inc also bundles Zscaler IA licenses, ensuring integrated controls across multiple vectors. Implementation will be handled in Q2 following testing in staging environments.",327887.87,PENDING,2025-12-31,easy,3 | 4 | 7,Cisco Firepower 2000 Series | Wiz Cloud | Zscaler Internet Access,Cisco | Wiz | Zscaler,100,exact
REQ49110,Microsoft Corp,Tanium Endpoint + Cisco FP2K,"Following the results of our latest vulnerability assessment, we are initiating the procurement of Tanium to replace outdated solutions currently deployed across APAC operations. This request, coordinated via Microsoft Corp, is part of our broader cyber resilience program. Additionally, this order includes partial licensing for CS Falcon to enhance layered security and comply with internal audit requirements.",494604.24,ORDERED,2023-10-02,easy,,,,0,no_match
REQ54185,WWT,Zscaler Internet Access + Wiz Defnd + CrowdStrike EDR,"Procurement of Zscaler Internet Access is being prioritised under the FY24 budget allocation for security enhancements. The acquisition, handled through WWT, addresses critical gaps identified in the last compliance audit. The package will also integrate with Tanium Endpoint to improve overall coverage in EMEA.",414359.96,CANCELLED,2023-06-27,easy,7,Zscaler Internet Access,Zscaler,100,exact
REQ44995,CrowdStrike Inc,Wiz Cl0ud + Cisco Firepower 2000 Series + Tanium Endpoint,"Procurement of WizCld is being prioritised under the FY24 budget allocation for security enhancements. The acquisition, handled through CrowdStrike Inc, addresses critical gaps identified in the last compliance audit. The package will also integrate with Cisco FP2K to improve overall coverage in EMEA.",328573.27,PENDING,2023-05-08,easy,3 | 4,Cisco Firepower 2000 Series | Wiz Cloud,Cisco | Wiz,100,exact
REQ38947,CrowdStrike Inc,Tanium Endpoint + Crowdstrik Flacon,"In response to recent threat intelligence reports, IT Security has recommended immediate onboarding of TaniumMgmt. This purchase, processed via CrowdStrike Inc, will complement our existing deployment of Zscaler IA and ensure coverage for 3862 users in APAC. Budget reallocation approved by the CISO on 2023-08-29.",230214.44,CANCELLED,2025-05-01,easy,,,,0,no_match
REQ83946,WWT,TaniumMgmt + M i c r o s o f t 3 6 5 E5,"In response to recent threat intelligence reports, IT Security has recommended immediate onboarding of Tanium. This purchase, processed via WWT, will complement our existing deployment of Wiz Cl0ud and ensure coverage for 4453 users in Americas. Budget reallocation approved by the CISO on 2025-12-12.",105067.61,PENDING,2023-12-03,easy,4,Wiz Cloud,Wiz,100,exact
REQ27294,WWT,Cisco Firepower 2000 Series + Wiz Defnd + Tanium Endpoint,"Following the results of our latest vulnerability assessment, we are initiating the procurement of Cisco FP2K to replace outdated solutions currently deployed across Americas operations. This request, coordinated via WWT, is part of our broader cyber resilience program. Additionally, this order includes partial licensing for Tanium Endpoint to enhance layered security and comply with internal audit requirements.",338020.02,CANCELLED,2023-02-14,easy,3,Cisco Firepower 2000 Series,Cisco,100,exact
REQ17897,Tanium Inc,Wiz Cloud + WizDefnd,"Following the results of our latest vulnerability assessment, we are initiating the procurement of Wiz Cl0ud to replace outdated solutions currently deployed across Americas operations. This request, coordinated via Tanium Inc, is part of our broader cyber resilience program. Additionally, this order includes partial licensing for WizDefnd to enhance layered security and comply with internal audit requirements.",207389.13,PENDING,2025-05-10,easy,4,Wiz Cloud,Wiz,100,exact
REQ79316,CC,Cisco FP-2100 + Zscaler Internet Access,"As part of our cloud security strategy, the acquisition of Cisco FP2K is being processed via CC. This initiative includes additional modules for Microsft 365 E5, supporting both EMEA and APAC operations. Justification for this procurement is tied to zero-trust architecture adoption and enhanced incident response readiness.",379308.81,CANCELLED,2025-08-06,easy,7,Zscaler Internet Access,Zscaler,100,exact
REQ24790,CC,Tanium Endpoint + Z$caler IA,"Procurement of TaniumMgmt is being prioritised under the FY23 budget allocation for security enhancements. The acquisition, handled through CC, addresses critical gaps identified in the last compliance audit. The package will also integrate with CS Falcon to improve overall coverage in APAC.",384196.47,DRAFT,2024-05-07,easy,,,,0,no_match
REQ40715,CrowdStrike Inc,Crowdstrik Flacon + M i c r o s o f t 3 6 5 E5,"Annual renewal and capacity expansion of CrowdStrike EDR for Americas teams is required to maintain defensive posture. This transaction via CrowdStrike Inc also bundles Zscaler Internet Access licenses, ensuring integrated controls across multiple vectors. Implementation will be handled in Q1 following testing in staging environments.",496774.3,PENDING,2024-10-15,easy,7,Zscaler Internet Access,Zscaler,100,exact
REQ87550,Zscaler Inc,Wiz Defnd + Zscaler IA,"Following the results of our latest vulnerability assessment, we are initiating the procurement of Wiz Defnd to replace outdated solutions currently deployed across APAC operations. This request, coordinated via Zscaler Inc, is part of our broader cyber resilience program. Additionally, this order includes partial licensing for Firepower 2K series to enhance layered security and comply with internal audit requirements.",280146.08,DRAFT,2024-12-06,easy,5 | 53 | 105,Wiz Defend | Wiz Edge | Wiz Code,Wiz,94,fuzzy
REQ41584,CC,TaniumMgmt + Cisco FP-2100,"As part of our cloud security strategy, the acquisition of Tanium Endpoint is being processed via CC. This initiative includes additional modules for Wiz Cloud, supporting both EMEA and APAC operations. Justification for this procurement is tied to zero-trust architecture adoption and enhanced incident response readiness.",403859.2,DRAFT,2025-04-25,easy,4,Wiz Cloud,Wiz,100,exact
REQ34966,Cisco Systems,WizCld + Cisco Firepower 2000 Series,"Following the results of our latest vulnerability assessment, we are initiating the procurement of Wiz Cl0ud to replace outdated solutions currently deployed across EMEA operations. This request, coordinated via Cisco Systems, is part of our broader cyber resilience program. Additionally, this order includes partial licensing for WizDefnd to enhance layered security and comply with internal audit requirements.",437442.13,PENDING,2024-03-20,easy,3 | 4,Cisco Firepower 2000 Series | Wiz Cloud,Cisco | Wiz,100,exact
REQ89220,Wiz Inc,Wiz Cloud + Wiz Defnd,"Procurement of Wiz Cl0ud is being prioritised under the FY23 budget allocation for security enhancements. The acquisition, handled through Wiz Inc, addresses critical gaps identified in the last compliance audit. The package will also integrate with Zscaler IA to improve overall coverage in APAC.",164199.43,CANCELLED,2025-02-18,easy,4,Wiz Cloud,Wiz,100,exact
REQ58589,Zscaler Inc,Wiz Cl0ud + Wiz Defend + Microsft 365 E5,"In response to recent threat intelligence reports, IT Security has recommended immediate onboarding of Wiz Cloud. This purchase, processed via Zscaler Inc, will complement our existing deployment of MS 365 E5 and ensure coverage for 2576 users in APAC. Budget reallocation approved by the CISO on 2025-08-12.",13028.85,ORDERED,2024-08-27,easy,4 | 5,Wiz Cloud | Wiz Defend,Wiz,100,exact
REQ74044,Wiz Inc,CS Falcon + Wiz Defend + Cisco FP-2100,"In response to recent threat intelligence reports, IT Security has recommended immediate onboarding of CS Falcon. This purchase, processed via Wiz Inc, will complement our existing deployment of TaniumMgmt and ensure coverage for 2752 users in EMEA. Budget reallocation approved by the CISO on 2025-10-19.",361555.2,ORDERED,2024-01-12,easy,5,Wiz Defend,Wiz,100,exact
REQ29795,Microsoft Corp,Wiz Defnd + CrowdStrike EDR,"Procurement of Wiz Defend is being prioritised under the FY25 budget allocation for security enhancements. The acquisition, handled through Microsoft Corp, addresses critical gaps identified in the last compliance audit. The package will also integrate with Wiz Cloud to improve overall coverage in EMEA.",189734.34,ORDERED,2025-09-26,easy,4 | 5,Wiz Cloud | Wiz Defend,Wiz,100,exact
REQ12246,Microsoft Corp,Microsoft E5 + Cisco FP-2100 + Crowdstrik Flacon,"As part of our cloud security strategy, the acquisition of O365 E5 is being processed via Microsoft Corp. This initiative includes additional modules for Zscaler IA, supporting both EMEA and APAC operations. Justification for this procurement is tied to zero-trust architecture adoption and enhanced incident response readiness.",100006.37,CANCELLED,2024-12-26,easy,,,,0,no_match
REQ22255,CC,Cisco FP2K + Wiz Defend + Z$caler IA,"Following the results of our latest vulnerability assessment, we are initiating the procurement of Cisco Firepower 2000 Series to replace outdated solutions currently deployed across APAC operations. This request, coordinated via CC, is part of our broader cyber resilience program. Additionally, this order includes partial licensing for Wiz Cl0ud to enhance layered security and comply with internal audit requirements.",9677.84,PENDING,2023-06-19,easy,3 | 4 | 5,Cisco Firepower 2000 Series | Wiz Cloud | Wiz Defend,Cisco | Wiz,100,exact
REQ19744,CC,Wiz Cl0ud + Tanium + Zscaler Internet Access,"In response to recent threat intelligence reports, IT Security has recommended immediate onboarding of Wiz Cloud. This purchase, processed via CC, will complement our existing deployment of CrowdStrike EDR and ensure coverage for 2763 users in Americas. Budget reallocation approved by the CISO on 2024-04-15.",464739.35,CANCELLED,2023-02-02,easy,4 | 7,Wiz Cloud | Zscaler Internet Access,Wiz | Zscaler,100,exact
REQ28343,Cisco Systems,CS Falcon + Tanium,"In response to recent threat intelligence reports, IT Security has recommended immediate onboarding of CrowdStrike EDR. This purchase, processed via Cisco Systems, will complement our existing deployment of Z$caler IA and ensure coverage for 3312 users in EMEA. Budget reallocation approved by the CISO on 2025-03-07.",53354.46,PENDING,2023-06-05,easy,,,,0,no_match
REQ34345,CC,Firepower 2K series + Microsft 365 E5 + TaniumMgmt,"Annual renewal and capacity expansion of Cisco FP2K for EMEA teams is required to maintain defensive posture. This transaction via CC also bundles Wiz Cl0ud licenses, ensuring integrated controls across multiple vectors. Implementation will be handled in Q4 following testing in staging environments.",41385.81,CANCELLED,2023-11-12,easy,4,Wiz Cloud,Wiz,100,exact
REQ23399,Cisco Systems,Wiz Cloud + MS 365 E5,"In response to recent threat intelligence reports, IT Security has recommended immediate onboarding of WizCld. This purchase, processed via Cisco Systems, will complement our existing deployment of Cisco FP2K and ensure coverage for 3241 users in APAC. Budget reallocation approved by the CISO on 2023-01-11.",227177.62,ORDERED,2023-07-31,easy,4,Wiz Cloud,Wiz,100,exact
REQ21101,CrowdStrike Inc,M i c r o s o f t 3 6 5 E5 + Tanium,"Annual renewal and capacity expansion of MS 365 E5 for Americas teams is required to maintain defensive posture. This transaction via CrowdStrike Inc also bundles CS Falcon licenses, ensuring integrated controls across multiple vectors. Implementation will be handled in Q3 following testing in staging environments.",344231.42,PENDING,2023-10-12,easy,,,,0,no_match
REQ20082,Tanium Inc,Cisco FP2K + Wiz Cl0ud + Crowdstrik Flacon,"In response to recent threat intelligence reports, IT Security has recommended immediate onboarding of Cisco FP2K. This purchase, processed via Tanium Inc, will complement our existing deployment of WizCld and ensure coverage for 2248 users in APAC. Budget reallocation approved by the CISO on 2025-06-09.",231641.51,PENDING,2024-09-15,easy,4,Wiz Cloud,Wiz,100,exact
REQ49378,CC,MS 365 E5 + Tanium Endpoint + Cisco FP-2100,"As part of our cloud security strategy, the acquisition of Microsft 365 E5 is being processed via CC. This initiative includes additional modules for Wiz Defnd, supporting both EMEA and APAC operations. Justification for this procurement is tied to zero-trust architecture adoption and enhanced incident response readiness.",482464.44,CANCELLED,2024-08-19,easy,5,Wiz Defend,Wiz,90,fuzzy
REQ87624,WWT,TaniumMgmt + Zscaler Internet Access,"As part of our cloud security strategy, the acquisition of Tanium is being processed via WWT. This initiative includes additional modules for Cisco Firepower 2000 Series, supporting both EMEA and APAC operations. Justification for this procurement is tied to zero-trust architecture adoption and enhanced incident response readiness.",476737.28,ORDERED,2024-03-05,easy,3 | 7,Cisco Firepower 2000 Series | Zscaler Internet Access,Cisco | Zscaler,100,exact
REQ19694,Tanium Inc,Wiz Cl0ud + Tanium Endpoint + Wiz Defnd,"Annual renewal and capacity expansion of WizCld for APAC teams is required to maintain defensive posture. This transaction via Tanium Inc also bundles Cisco FP-2100 licenses, ensuring integrated controls across multiple vectors. Implementation will be handled in Q3 following testing in staging environments.",255773.26,ORDERED,2023-03-17,easy,4,Wiz Cloud,Wiz,100,exact
REQ98797,Zscaler Inc,Zscaler Internet Access + Cisco Firepower 2000 Series + Wiz Cloud,"As part of our cloud security strategy, the acquisition of Z$caler IA is being processed via Zscaler Inc. This initiative includes additional modules for CrowdStrike Falcon, supporting both EMEA and APAC operations. Justification for this procurement is tied to zero-trust architecture adoption and enhanced incident response readiness.",133075.49,PENDING,2025-07-01,easy,3 | 4 | 7,Cisco Firepower 2000 Series | Wiz Cloud | Zscaler Internet Access,Cisco | Wiz | Zscaler,100,exact
REQ25213,CC,Firepower 2K series + WizCld,"Annual renewal and capacity expansion of Cisco Firepower 2000 Series for Americas teams is required to maintain defensive posture. This transaction via CC also bundles O365 E5 licenses, ensuring integrated controls across multiple vectors. Implementation will be handled in Q1 following testing in staging environments.",230389.65,PENDING,2025-12-03,easy,3,Cisco Firepower 2000 Series,Cisco,100,exact
REQ25084,Zscaler Inc,Wiz Cl0ud + Cisco Firepower 2000 Series,"Following the results of our latest vulnerability assessment, we are initiating the procurement of Wiz Cl0ud to replace outdated solutions currently deployed across EMEA operations. This request, coordinated via Zscaler Inc, is part of our broader cyber resilience program. Additionally, this order includes partial licensing for O365 E5 to enhance layered security and comply with internal audit requirements.",340183.97,PENDING,2024-05-14,easy,3 | 4,Cisco Firepower 2000 Series | Wiz Cloud,Cisco | Wiz,100,exact
REQ93948,Cisco Systems,Wiz Defnd + Wiz Cl0ud + Microsft 365 E5,"Procurement of Wiz Defend is being prioritised under the FY25 budget allocation for security enhancements. The acquisition, handled through Cisco Systems, addresses critical gaps identified in the last compliance audit. The package will also integrate with CrowdStrike EDR to improve overall coverage in EMEA.",227539.63,ORDERED,2025-03-07,easy,4 | 5,Wiz Cloud | Wiz Defend,Wiz,100,exact
REQ24936,Wiz Inc,M i c r o s o f t 3 6 5 E5 + Z$caler IA + WizDefnd,"Procurement of MS 365 E5 is being prioritised under the FY25 budget allocation for security enhancements. The acquisition, handled through Wiz Inc, addresses critical gaps identified in the last compliance audit. The package will also integrate with WizCld to improve overall coverage in APAC.",300500.56,ORDERED,2023-08-22,easy,,,,0,no_match
REQ41270,Zscaler Inc,Firepower 2K series + Microsft 365 E5 + CrowdStrike EDR,"In response to recent threat intelligence reports, IT Security has recommended immediate onboarding of Cisco Firepower 2000 Series. This purchase, processed via Zscaler Inc, will complement our existing deployment of Zscaler Internet Access and ensure coverage for 3800 users in Americas. Budget reallocation approved by the CISO on 2023-06-23.",212028.36,PENDING,2025-02-24,easy,3 | 7,Cisco Firepower 2000 Series | Zscaler Internet Access,Cisco | Zscaler,100,exact
REQ69113,Cisco Systems,Wiz Cloud + Cisco FP2K,"Procurement of WizCld is being prioritised under the FY25 budget allocation for security enhancements. The acquisition, handled through Cisco Systems, addresses critical gaps identified in the last compliance audit. The package will also integrate with Cisco FP-2100 to improve overall coverage in Americas.",72584.68,ORDERED,2025-11-01,easy,4,Wiz Cloud,Wiz,100,exact
REQ38905,WWT,Tanium + M i c r o s o f t 3 6 5 E5 + Firepower 2K series,"As part of our cloud security strategy, the acquisition of Tanium is being processed via WWT. This initiative includes additional modules for CrowdStrike Falcon, supporting both EMEA and APAC operations. Justification for this procurement is tied to zero-trust architecture adoption and enhanced incident response readiness.",88263.44,ORDERED,2025-10-11,easy,,,,0,no_match
REQ65725,CrowdStrike Inc,Wiz Defnd + Zscaler Internet Access,"As part of our cloud security strategy, the acquisition of Wiz Defend is being processed via CrowdStrike Inc. This initiative includes additional modules for Zscaler IA, supporting both EMEA and APAC operations. Justification for this procurement is tied to zero-trust architecture adoption and enhanced incident response readiness.",152365.92,DRAFT,2025-07-10,easy,5 | 7,Wiz Defend | Zscaler Internet Access,Wiz | Zscaler,100,exact
REQ90760,Zscaler Inc,Cisco FP-2100 + CrowdStrike Falcon,"Annual renewal and capacity expansion of Cisco FP-2100 for APAC teams is required to maintain defensive posture. This transaction via Zscaler Inc also bundles Z$caler IA licenses, ensuring integrated controls across multiple vectors. Implementation will be handled in Q2 following testing in staging environments.",287186.8,CANCELLED,2023-12-11,easy,,,,0,no_match
REQ27392,Tanium Inc,Firepower 2K series + Crowdstrik Flacon,"In response to recent threat intelligence reports, IT Security has recommended immediate onboarding of Cisco FP-2100. This purchase, processed via Tanium Inc, will complement our existing deployment of Wiz Defend and ensure coverage for 2420 users in Americas. Budget reallocation approved by the CISO on 2023-10-05.",381929.43,ORDERED,2025-09-29,easy,5,Wiz Defend,Wiz,100,exact
REQ69597,Tanium Inc,CrowdStrike Falcon + Wiz Cl0ud + Tanium,"In response to recent threat intelligence reports, IT Security has recommended immediate onboarding of CS Falcon. This purchase, processed via Tanium Inc, will complement our existing deployment of TaniumMgmt and ensure coverage for 3443 users in APAC. Budget reallocation approved by the CISO on 2025-04-05.",366811.31,ORDERED,2025-01-03,easy,4,Wiz Cloud,Wiz,100,exact
REQ81737,CrowdStrike Inc,Zscaler IA + WizDefnd,"In response to recent threat intelligence reports, IT Security has recommended immediate onboarding of Zscaler IA. This purchase, processed via CrowdStrike Inc, will complement our existing deployment of Firepower 2K series and ensure coverage for 4428 users in APAC. Budget reallocation approved by the CISO on 2025-10-10.",447606.56,DRAFT,2023-04-05,easy,,,,0,no_match
REQ30837,WWT,O365 E5 + CrowdStrike Falcon + WizCld,"Procurement of O365 E5 is being prioritised under the FY24 budget allocation for security enhancements. The acquisition, handled through WWT, addresses critical gaps identified in the last compliance audit. The package will also integrate with Wiz Defend to improve overall coverage in EMEA.",333931.86,PENDING,2023-04-17,easy,5,Wiz Defend,Wiz,100,exact
REQ87814,Tanium Inc,Wiz Cl0ud + Tanium Endpoint,"Following the results of our latest vulnerability assessment, we are initiating the procurement of Wiz Cloud to replace outdated solutions currently deployed across APAC operations. This request, coordinated via Tanium Inc, is part of our broader cyber resilience program. Additionally, this order includes partial licensing for CrowdStrike EDR to enhance layered security and comply with internal audit requirements.",9597.04,CANCELLED,2023-09-04,easy,4,Wiz Cloud,Wiz,100,exact
REQ58177,CC,Zscaler Internet Access + Crowdstrik Flacon + Wiz Cloud,"Following the results of our latest vulnerability assessment, we are initiating the procurement of Zscaler IA to replace outdated solutions currently deployed across APAC operations. This request, coordinated via CC, is part of our broader cyber resilience program. Additionally, this order includes partial licensing for Tanium to enhance layered security and comply with internal audit requirements.",267601.6,DRAFT,2023-12-03,easy,4 | 7,Wiz Cloud | Zscaler Internet Access,Wiz | Zscaler,100,exact
REQ87276,Zscaler Inc,WizCld + Cisco FP-2100 + Wiz Defend,"Procurement of Wiz Cloud is being prioritised under the FY24 budget allocation for security enhancements. The acquisition, handled through Zscaler Inc, addresses critical gaps identified in the last compliance audit. The package will also integrate with Microsoft E5 to improve overall coverage in Americas.",142098.99,DRAFT,2024-05-23,easy,4 | 5,Wiz Cloud | Wiz Defend,Wiz,100,exact
REQ60578,Tanium Inc,WizDefnd + CrowdStrike Falcon,"Procurement of WizDefnd is being prioritised under the FY23 budget allocation for security enhancements. The acquisition, handled through Tanium Inc, addresses critical gaps identified in the last compliance audit. The package will also integrate with Cisco Firepower 2000 Series to improve overall coverage in Americas.",266501.82,DRAFT,2025-01-09,easy,3,Cisco Firepower 2000 Series,Cisco,100,exact
REQ10851,CrowdStrike Inc,T@n1um + MICROSFT 365 E5 + Z $ c a l e r   I A,"Historical systems such as WizShield will be phased out in favour of newer solutions. This order is intended to strengthen defences in the Americas region and includes provisions for both TANIUMMGMT and ZSCALER INTERNET ACCESS. As part of our strategic initiative for FY2023, CrowdStrike Inc has been engaged to address recent audit findings. Technical integration will be performed in Q2, with expected go-live by 2023-10-13. Additional consideration was given to compliance with GDPR, ISO 27001, and SOC 2 controls.",380609.65,PENDING,2025-05-15,hard,7,Zscaler Internet Access,Zscaler,100,exact
REQ20458,Tanium Inc,C i s c o   F P 2 K + TaniumMgmt + M_i_c_r_o_s_o_f_t_3_6_5_E5,"This order is intended to strengthen defences in the EMEA region and includes provisions for both FIREPOWER 2K SERIES and O 3 6 5   E 5. Technical integration will be performed in Q1, with expected go-live by 2025-02-17. Historical systems such as WizShield will be phased out in favour of newer solutions. Additional consideration was given to compliance with GDPR, ISO 27001, and SOC 2 controls. As part of our strategic initiative for FY2023, Tanium Inc has been engaged to address recent audit findings.",428382.27,DRAFT,2025-02-17,hard,,,,0,no_match
REQ62581,WWT,C1sc0 FP-2100 + tanium endpoint + Tanium ™,"This order is intended to strengthen defences in the EMEA region and includes provisions for both appliance de seguridad and ZSCALER INTERNET ACCESS. Additional consideration was given to compliance with GDPR, ISO 27001, and SOC 2 controls. Technical integration will be performed in Q2, with expected go-live by 2024-06-30. As part of our strategic initiative for FY2024, WWT has been engaged to address recent audit findings. Historical systems such as WizShield will be phased out in favour of newer solutions.",137531.73,PENDING,2024-10-06,hard,7,Zscaler Internet Access,Zscaler,100,exact
REQ65333,WWT,CS F@lc0n + TANIUM + W i z D e f n d,"Technical integration will be performed in Q3, with expected go-live by 2023-10-13. Additional consideration was given to compliance with GDPR, ISO 27001, and SOC 2 controls. Historical systems such as Palo Alto Networks FW-5000 will be phased out in favour of newer solutions. This order is intended to strengthen defences in the Americas region and includes provisions for both 端点安全 and Firepower 2K series ™. As part of our strategic initiative for FY2023, WWT has been engaged to address recent audit findings.",300222.47,ORDERED,2025-02-20,hard,,,,0,no_match
REQ80697,Cisco Systems,Wiz_Defnd + Z$c@ler IA,"This order is intended to strengthen defences in the APAC region and includes provisions for both wizdefnd and zscaler internet access. Additional consideration was given to compliance with GDPR, ISO 27001, and SOC 2 controls. Technical integration will be performed in Q1, with expected go-live by 2024-06-30. Historical systems such as Legacy Firewall will be phased out in favour of newer solutions. As part of our strategic initiative for FY2025, WWT has been engaged to address recent audit findings.",476982.38,DRAFT,2024-10-25,hard,7,Zscaler Internet Access,Zscaler,100,exact
REQ80686,Microsoft Corp,W1z Cl0ud + taniummgmt,"As part of our strategic initiative for FY2023, Microsoft Corp has been engaged to address recent audit findings. Additional consideration was given to compliance with GDPR, ISO 27001, and SOC 2 controls. Technical integration will be performed in Q1, with expected go-live by 2024-05-08. Historical systems such as WizShield will be phased out in favour of newer solutions. This order is intended to strengthen defences in the APAC region and includes provisions for both cloud posture management and taniummgmt.",378856.27,PENDING,2024-09-30,hard,4,Wiz Cloud,Wiz,100,exact
REQ27342,Zscaler Inc,Wiz Cloud ™ + M1cr0s0ft E5 + C S   F a l c o n,"As part of our strategic initiative for FY2023, Zscaler Inc has been engaged to address recent audit findings. Historical systems such as Palo Alto Networks FW-5000 will be phased out in favour of newer solutions. Technical integration will be performed in Q2, with expected go-live by 2024-04-05. This order is intended to strengthen defences in the Americas region and includes provisions for both WIZ CL0UD and MICROSFT 365 E5. Additional consideration was given to compliance with GDPR, ISO 27001, and SOC 2 controls.",363059.52,ORDERED,2024-05-12,hard,4,Wiz Cloud,Wiz,100,exact
REQ19880,WWT,Zscaler IA ™ + O 3 6 5   E 5 + Cr0wdStr1ke EDR,"As part of our strategic initiative for FY2023, WWT has been engaged to address recent audit findings. Historical systems such as Legacy Firewall will be phased out in favour of newer solutions. Additional consideration was given to compliance with GDPR, ISO 27001, and SOC 2 controls. This order is intended to strengthen defences in the EMEA region and includes provisions for both Z $ c a l e r   I A and Wiz Cl0ud ™. Technical integration will be performed in Q4, with expected go-live by 2024-12-26.",224349.72,DRAFT,2023-04-14,hard,4,Wiz Cloud,Wiz,100,exact
REQ17665,Microsoft Corp,tanium endpoint + wizcld,"This order is intended to strengthen defences in the EMEA region and includes provisions for both endpoint management platform and crowdstrik flacon. Historical systems such as Old Endpoint Protection will be phased out in favour of newer solutions. As part of our strategic initiative for FY2024, Microsoft Corp has been engaged to address recent audit findings. Technical integration will be performed in Q4, with expected go-live by 2025-09-12. Additional consideration was given to compliance with GDPR, ISO 27001, and SOC 2 controls.",291694.24,DRAFT,2024-10-04,hard,,,,0,no_match
REQ51180,Microsoft Corp,MICROSFT 365 E5 + T a n i u m M g m t,"Additional consideration was given to compliance with GDPR, ISO 27001, and SOC 2 controls. As part of our strategic initiative for FY2023, Microsoft Corp has been engaged to address recent audit findings. This order is intended to strengthen defences in the APAC region and includes provisions for both 套件 and crowdstrik flacon. Historical systems such as Old Endpoint Protection will be phased out in favour of newer solutions. Technical integration will be performed in Q1, with expected go-live by 2024-01-16.",123149.55,ORDERED,2023-09-26,hard,,,,0,no_match
REQ23577,Tanium Inc,Tanium_Endpoint + microsft 365 e5 + CS FALCON,"Technical integration will be performed in Q4, with expected go-live by 2023-07-24. This order is intended to strengthen defences in the APAC region and includes provisions for both 端点管理系统 and O365 E5. Historical systems such as Legacy Firewall will be phased out in favour of newer solutions. As part of our strategic initiative for FY2023, Tanium Inc has been engaged to address recent audit findings. Additional consideration was given to compliance with GDPR, ISO 27001, and SOC 2 controls.",469770.35,PENDING,2024-06-25,hard,,,,0,no_match
REQ66057,CrowdStrike Inc,MS_365_E5 + C r o w d S t r i k e   F a l c o n,"Technical integration will be performed in Q2, with expected go-live by 2024-12-03. Additional consideration was given to compliance with GDPR, ISO 27001, and SOC 2 controls. As part of our strategic initiative for FY2024, CrowdStrike Inc has been engaged to address recent audit findings. Historical systems such as WizShield will be phased out in favour of newer solutions. This order is intended to strengthen defences in the EMEA region and includes provisions for both licencia empresarial en la nube and Cisco_FP2K.",282648.9,DRAFT,2023-06-04,hard,,,,0,no_match
REQ13248,Cisco Systems,Tanium + z$caler ia,"Technical integration will be performed in Q2, with expected go-live by 2025-05-30. Historical systems such as WizShield will be phased out in favour of newer solutions. As part of our strategic initiative for FY2025, Cisco Systems has been engaged to address recent audit findings. Additional consideration was given to compliance with GDPR, ISO 27001, and SOC 2 controls. This order is intended to strengthen defences in the EMEA region and includes provisions for both T a n i u m   E n d p o i n t and CS F@lc0n.",93783.53,CANCELLED,2025-04-23,hard,,,,0,no_match
REQ25118,Wiz Inc,Z$c@ler IA + MS_365_E5 + O365_E5,"As part of our strategic initiative for FY2024, Wiz Inc has been engaged to address recent audit findings. This order is intended to strengthen defences in the EMEA region and includes provisions for both Zscaler_IA and CS F@lc0n. Historical systems such as Legacy Firewall will be phased out in favour of newer solutions. Technical integration will be performed in Q1, with expected go-live by 2025-08-21. Additional consideration was given to compliance with GDPR, ISO 27001, and SOC 2 controls.",439134.01,CANCELLED,2024-01-01,hard,,,,0,no_match
REQ91678,Zscaler Inc,Wiz Defend ™ + C i s c o   F P 2 K,"As part of our strategic initiative for FY2024, Tanium Inc has been engaged to address recent audit findings. Historical systems such as Palo Alto Networks FW-5000 will be phased out in favour of newer solutions. Technical integration will be performed in Q3, with expected go-live by 2025-06-12. This order is intended to strengthen defences in the EMEA region and includes provisions for both cloud defense module and TANIUM ENDPOINT. Additional consideration was given to compliance with GDPR, ISO 27001, and SOC 2 controls.",160388.24,DRAFT,2024-09-07,hard,5,Wiz Defend,Wiz,100,exact
REQ77000,Tanium Inc,Wiz_Defend + W1zCld + TANIUM ENDPOINT,"As part of our strategic initiative for FY2025, Tanium Inc has been engaged to address recent audit findings. Additional consideration was given to compliance with GDPR, ISO 27001, and SOC 2 controls. This order is intended to strengthen defences in the APAC region and includes provisions for both WizDefnd ™ and CROWDSTRIK FLACON. Technical integration will be performed in Q3, with expected go-live by 2023-09-18. Historical systems such as Palo Alto Networks FW-5000 will be phased out in favour of newer solutions.",239227.16,PENDING,2023-06-23,hard,5,Wiz Defend,Wiz,90,fuzzy
REQ25906,Wiz Inc,Cisco FP-2100 ™ + z$caler ia + tanium endpoint + crowdstrike falcon,"As part of our strategic initiative for FY2023, Zscaler Inc has been engaged to address recent audit findings. Technical integration will be performed in Q2, with expected go-live by 2023-10-29. Historical systems such as WizShield will be phased out in favour of newer solutions. Additional consideration was given to compliance with GDPR, ISO 27001, and SOC 2 controls. This order is intended to strengthen defences in the EMEA region and includes provisions for both CISCO FP2K and microsoft e5.",230948.6,ORDERED,2025-12-23,hard,,,,0,no_match
REQ30028,Zscaler Inc,W1z Defnd + tanium endpoint + Wiz Cloud ™ + Firepower_2K_series,"This order is intended to strengthen defences in the Americas region and includes provisions for both módulo de defensa en la nube and Zsc@ler IA. Historical systems such as Palo Alto Networks FW-5000 will be phased out in favour of newer solutions. Technical integration will be performed in Q4, with expected go-live by 2023-11-22. As part of our strategic initiative for FY2025, Zscaler Inc has been engaged to address recent audit findings. Additional consideration was given to compliance with GDPR, ISO 27001, and SOC 2 controls.",354677.48,DRAFT,2025-04-29,hard,4,Wiz Cloud,Wiz,100,exact
REQ73654,Zscaler Inc,WizCld + wizdefnd + M i c r o s o f t 3 6 5 E5 ™,"Historical systems such as Palo Alto Networks FW-5000 will be phased out in favour of newer solutions. As part of our strategic initiative for FY2023, Zscaler Inc has been engaged to address recent audit findings. Technical integration will be performed in Q2, with expected go-live by 2025-05-10. This order is intended to strengthen defences in the APAC region and includes provisions for both 云安全平台 and W i z   D e f n d. Additional consideration was given to compliance with GDPR, ISO 27001, and SOC 2 controls.",19367.29,CANCELLED,2025-04-08,hard,,,,0,no_match
REQ95426,Cisco Systems,Tanium_Endpoint + firepower 2k series + cs falcon + M S   3 6 5   E 5,"Historical systems such as Legacy Firewall will be phased out in favour of newer solutions. Technical integration will be performed in Q1, with expected go-live by 2023-06-21. This order is intended to strengthen defences in the EMEA region and includes provisions for both T@n1um Endp01nt and Zscaler_Internet_Access. As part of our strategic initiative for FY2024, Cisco Systems has been engaged to address recent audit findings. Additional consideration was given to compliance with GDPR, ISO 27001, and SOC 2 controls.",24927.78,DRAFT,2024-05-21,hard,7,Zscaler Internet Access,Zscaler,91,fuzzy
REQ23356,Wiz Inc,C S   F a l c o n + Cisco_Firepower_2000_Series,"This order is intended to strengthen defences in the EMEA region and includes provisions for both protección de puntos finales and WIZ DEFEND. As part of our strategic initiative for FY2024, Microsoft Corp has been engaged to address recent audit findings. Historical systems such as Old Endpoint Protection will be phased out in favour of newer solutions. Additional consideration was given to compliance with GDPR, ISO 27001, and SOC 2 controls. Technical integration will be performed in Q1, with expected go-live by 2024-03-22.",350110.54,CANCELLED,2023-09-05,hard,5,Wiz Defend,Wiz,100,exact
REQ87656,Microsoft Corp,Zscaler IA ™ + WizCld ™ + CS FALCON,"As part of our strategic initiative for FY2025, Microsoft Corp has been engaged to address recent audit findings. Historical systems such as Palo Alto Networks FW-5000 will be phased out in favour of newer solutions. This order is intended to strengthen defences in the Americas region and includes provisions for both cloud firewall subscription and wizdefnd. Technical integration will be performed in Q3, with expected go-live by 2023-05-22. Additional consideration was given to compliance with GDPR, ISO 27001, and SOC 2 controls.",137855.79,PENDING,2023-06-27,hard,,,,0,no_match
REQ74332,WWT,CISCO FIREPOWER 2000 SERIES + T a n i u m + Wiz Cloud ™,"As part of our strategic initiative for FY2024, WWT has been engaged to address recent audit findings. Technical integration will be performed in Q1, with expected go-live by 2025-10-09. Historical systems such as Palo Alto Networks FW-5000 will be phased out in favour of newer solutions. This order is intended to strengthen defences in the APAC region and includes provisions for both Cisco_FP-2100 and WizCld. Additional consideration was given to compliance with GDPR, ISO 27001, and SOC 2 controls.",226846.4,DRAFT,2023-07-10,hard,3 | 4,Cisco Firepower 2000 Series | Wiz Cloud,Cisco | Wiz,100,exact
REQ87278,Wiz Inc,Firepower_2K_series + W1zCld + Wiz Defend ™ + M i c r o s o f t 3 6 5 E5 ™,"Historical systems such as Old Endpoint Protection will be phased out in favour of newer solutions. Technical integration will be performed in Q3, with expected go-live by 2025-08-27. As part of our strategic initiative for FY2024, Wiz Inc has been engaged to address recent audit findings. Additional consideration was given to compliance with GDPR, ISO 27001, and SOC 2 controls. This order is intended to strengthen defences in the Americas region and includes provisions for both 防火墙设备 and TANIUMMGMT.",488420.48,CANCELLED,2023-07-25,hard,5,Wiz Defend,Wiz,100,exact
REQ72616,Wiz Inc,z$caler ia + T a n i u m + cs falcon,"Additional consideration was given to compliance with GDPR, ISO 27001, and SOC 2 controls. Technical integration will be performed in Q3, with expected go-live by 2023-01-29. As part of our strategic initiative for FY2023, Wiz Inc has been engaged to address recent audit findings. This order is intended to strengthen defences in the EMEA region and includes provisions for both suscripción de cortafuegos en la nube and T a n i u m. Historical systems such as WizShield will be phased out in favour of newer solutions.",61473.13,DRAFT,2025-03-31,hard,,,,0,no_match
REQ23006,CrowdStrike Inc,wizcld + Tanium_Endpoint,"This order is intended to strengthen defences in the Americas region and includes provisions for both cloud posture management and m i c r o s o f t 3 6 5 e5. As part of our strategic initiative for FY2023, CrowdStrike Inc has been engaged to address recent audit findings. Additional consideration was given to compliance with GDPR, ISO 27001, and SOC 2 controls. Historical systems such as Legacy Firewall will be phased out in favour of newer solutions. Technical integration will be performed in Q2, with expected go-live by 2024-09-14.",474057.15,PENDING,2024-03-08,hard,,,,0,no_match
REQ44816,CrowdStrike Inc,C i s c o   F P 2 K + Z$c@ler IA + WizCld ™,"Additional consideration was given to compliance with GDPR, ISO 27001, and SOC 2 controls. Historical systems such as Old Endpoint Protection will be phased out in favour of newer solutions. As part of our strategic initiative for FY2025, CrowdStrike Inc has been engaged to address recent audit findings. Technical integration will be performed in Q1, with expected go-live by 2023-11-17. This order is intended to strengthen defences in the EMEA region and includes provisions for both Cisco_FP2K and M1cr0s0ft E5.",414182.42,DRAFT,2023-05-03,hard,,,,0,no_match
REQ67963,Tanium Inc,crowdstrike falcon + Wiz_Defnd + M_i_c_r_o_s_o_f_t_3_6_5_E5 + Cisco Firepower 2000 Series ™,"Additional consideration was given to compliance with GDPR, ISO 27001, and SOC 2 controls. This order is intended to strengthen defences in the Americas region and includes provisions for both CrowdStrike_EDR and Z$CALER IA. Technical integration will be performed in Q1, with expected go-live by 2025-08-17. As part of our strategic initiative for FY2024, Tanium Inc has been engaged to address recent audit findings. Historical systems such as WizShield will be phased out in favour of newer solutions.",458456.03,PENDING,2025-06-11,hard,3,Cisco Firepower 2000 Series,Cisco,100,exact
REQ34586,WWT,T a n i u m M g m t + C i s c o   F P 2 K + WizCld,"Additional consideration was given to compliance with GDPR, ISO 27001, and SOC 2 controls. This order is intended to strengthen defences in the APAC region and includes provisions for both Tanium and Zscaler IA ™. Historical systems such as WizShield will be phased out in favour of newer solutions. As part of our strategic initiative for FY2024, WWT has been engaged to address recent audit findings. Technical integration will be performed in Q3, with expected go-live by 2024-10-19.",261627.5,ORDERED,2025-06-24,hard,,,,0,no_match
REQ45838,Microsoft Corp,Z $ c a l e r   I A + C i s c o   F P 2 K + C r o w d S t r i k e   E D R,"As part of our strategic initiative for FY2024, Microsoft Corp has been engaged to address recent audit findings. Additional consideration was given to compliance with GDPR, ISO 27001, and SOC 2 controls. Historical systems such as Old Endpoint Protection will be phased out in favour of newer solutions. Technical integration will be performed in Q4, with expected go-live by 2025-09-19. This order is intended to strengthen defences in the APAC region and includes provisions for both Z$CALER IA and Microsft 365 E5 ™.",210667.72,ORDERED,2025-08-25,hard,,,,0,no_match
REQ52176,WWT,CS FALCON + M i c r o s o f t 3 6 5 E5 ™ + W1zCld,"As part of our strategic initiative for FY2023, WWT has been engaged to address recent audit findings. Additional consideration was given to compliance with GDPR, ISO 27001, and SOC 2 controls. This order is intended to strengthen defences in the EMEA region and includes provisions for both protección de puntos finales and WIZCLD. Historical systems such as Palo Alto Networks FW-5000 will be phased out in favour of newer solutions. Technical integration will be performed in Q2, with expected go-live by 2023-05-23.",435452.83,PENDING,2025-02-23,hard,,,,0,no_match
REQ95823,CC,C S   F a l c o n + C i s c o   F P 2 K,"This order is intended to strengthen defences in the APAC region and includes provisions for both 端点安全 and zscaler internet access. Additional consideration was given to compliance with GDPR, ISO 27001, and SOC 2 controls. Historical systems such as Palo Alto Networks FW-5000 will be phased out in favour of newer solutions. As part of our strategic initiative for FY2025, CC has been engaged to address recent audit findings. Technical integration will be performed in Q4, with expected go-live by 2025-03-01.",485128.61,DRAFT,2025-08-19,hard,7,Zscaler Internet Access,Zscaler,100,exact
REQ49251,Tanium Inc,Z $ c a l e r   I A + Wiz Defend ™ + O365 E5,"This order is intended to strengthen defences in the Americas region and includes provisions for both suscripción de cortafuegos en la nube and Tanium Endpoint ™. Additional consideration was given to compliance with GDPR, ISO 27001, and SOC 2 controls. Historical systems such as Palo Alto Networks FW-5000 will be phased out in favour of newer solutions. As part of our strategic initiative for FY2025, Tanium Inc has been engaged to address recent audit findings. Technical integration will be performed in Q1, with expected go-live by 2024-11-03.",452194.91,DRAFT,2024-10-26,hard,5,Wiz Defend,Wiz,100,exact
REQ70236,Microsoft Corp,ZSCALER IA + W1z Defnd,"Historical systems such as WizShield will be phased out in favour of newer solutions. Technical integration will be performed in Q2, with expected go-live by 2024-05-15. As part of our strategic initiative for FY2024, Microsoft Corp has been engaged to address recent audit findings. This order is intended to strengthen defences in the APAC region and includes provisions for both Z$c@ler IA and W1z Defend. Additional consideration was given to compliance with GDPR, ISO 27001, and SOC 2 controls.",131386.72,DRAFT,2025-08-10,hard,5,Wiz Defend,Wiz,100,exact
REQ75107,Cisco Systems,CISCO FP2K + CS FALCON + Wiz Cloud ™,"This order is intended to strengthen defences in the APAC region and includes provisions for both F1rep0wer 2K ser1es and zscaler ia. Additional consideration was given to compliance with GDPR, ISO 27001, and SOC 2 controls. As part of our strategic initiative for FY2025, Cisco Systems has been engaged to address recent audit findings. Historical systems such as WizShield will be phased out in favour of newer solutions. Technical integration will be performed in Q3, with expected go-live by 2025-05-18.",417255.26,CANCELLED,2024-04-16,hard,4,Wiz Cloud,Wiz,100,exact
REQ45720,Zscaler Inc,WizDefnd ™ + M i c r o s f t   3 6 5   E 5 + Tanium_Endpoint,"Historical systems such as Old Endpoint Protection will be phased out in favour of newer solutions. Technical integration will be performed in Q3, with expected go-live by 2023-10-08. As part of our strategic initiative for FY2025, Zscaler Inc has been engaged to address recent audit findings. Additional consideration was given to compliance with GDPR, ISO 27001, and SOC 2 controls. This order is intended to strengthen defences in the Americas region and includes provisions for both Wiz Defnd ™ and Zscaler_Internet_Access.",416083.95,CANCELLED,2025-09-13,hard,5 | 7,Wiz Defend | Zscaler Internet Access,Wiz | Zscaler,91,fuzzy
REQ71797,Wiz Inc,Zscaler_Internet_Access + W i z   C l 0 u d,"As part of our strategic initiative for FY2023, Tanium Inc has been engaged to address recent audit findings. This order is intended to strengthen defences in the EMEA region and includes provisions for both suscripción de cortafuegos en la nube and TaniumMgmt. Additional consideration was given to compliance with GDPR, ISO 27001, and SOC 2 controls. Technical integration will be performed in Q2, with expected go-live by 2024-04-07. Historical systems such as Palo Alto Networks FW-5000 will be phased out in favour of newer solutions.",17387.2,CANCELLED,2024-03-29,hard,7,Zscaler Internet Access,Zscaler,91,fuzzy
REQ95841,CrowdStrike Inc,T@n1umMgmt + crowdstrike edr,"This order is intended to strengthen defences in the Americas region and includes provisions for both Tanium and C r o w d S t r i k e   E D R. As part of our strategic initiative for FY2025, CrowdStrike Inc has been engaged to address recent audit findings. Historical systems such as WizShield will be phased out in favour of newer solutions. Technical integration will be performed in Q4, with expected go-live by 2023-08-27. Additional consideration was given to compliance with GDPR, ISO 27001, and SOC 2 controls.",54015.71,ORDERED,2025-04-15,hard,,,,0,no_match
REQ86858,Wiz Inc,F1rep0wer 2K ser1es + microsoft e5 + Wiz Defend ™ + Z s c a l e r   I n t e r n e t   A c c e s s,"Technical integration will be performed in Q2, with expected go-live by 2025-01-12. Additional consideration was given to compliance with GDPR, ISO 27001, and SOC 2 controls. As part of our strategic initiative for FY2024, Microsoft Corp has been engaged to address recent audit findings. This order is intended to strengthen defences in the EMEA region and includes provisions for both 防火墙设备 and M i c r o s o f t 3 6 5 E5 ™. Historical systems such as Palo Alto Networks FW-5000 will be phased out in favour of newer solutions.",111895.92,PENDING,2024-11-03,hard,5,Wiz Defend,Wiz,100,exact
REQ24293,Cisco Systems,Z s c a l e r   I A + Wiz_Defend + W i z   D e f n d,"Additional consideration was given to compliance with GDPR, ISO 27001, and SOC 2 controls. Historical systems such as WizShield will be phased out in favour of newer solutions. This order is intended to strengthen defences in the EMEA region and includes provisions for both Zsc@ler Internet Access and CrowdStrike_Falcon. Technical integration will be performed in Q2, with expected go-live by 2024-05-28. As part of our strategic initiative for FY2023, Cisco Systems has been engaged to address recent audit findings.",228742.68,PENDING,2023-03-30,hard,7,Zscaler Internet Access,Zscaler,100,exact
REQ89354,Tanium Inc,TANIUM ENDPOINT + M i c r o s f t   3 6 5   E 5 + Z$CALER IA,"As part of our strategic initiative for FY2023, Tanium Inc has been engaged to address recent audit findings. Technical integration will be performed in Q4, with expected go-live by 2025-04-02. This order is intended to strengthen defences in the Americas region and includes provisions for both plataforma de gestión de puntos finales and wiz cl0ud. Historical systems such as Legacy Firewall will be phased out in favour of newer solutions. Additional consideration was given to compliance with GDPR, ISO 27001, and SOC 2 controls.",217948.67,DRAFT,2024-03-16,hard,4,Wiz Cloud,Wiz,100,exact
REQ83608,WWT,W i z   C l o u d + C r o w d S t r i k e   F a l c o n + W i z D e f n d,"Technical integration will be performed in Q4, with expected go-live by 2025-05-01. As part of our strategic initiative for FY2024, WWT has been engaged to address recent audit findings. Additional consideration was given to compliance with GDPR, ISO 27001, and SOC 2 controls. This order is intended to strengthen defences in the APAC region and includes provisions for both WizCld and Z$caler_IA. Historical systems such as WizShield will be phased out in favour of newer solutions.",283033.27,DRAFT,2025-04-21,hard,,,,0,no_match
REQ50499,CC,cisco fp-2100 + M I C R O S O F T 3 6 5 E5 + Wiz Cl0ud ™,"This order is intended to strengthen defences in the APAC region and includes provisions for both C1sc0 FP2K and CrowdStrike_Falcon. Technical integration will be performed in Q1, with expected go-live by 2025-11-05. Additional consideration was given to compliance with GDPR, ISO 27001, and SOC 2 controls. Historical systems such as WizShield will be phased out in favour of newer solutions. As part of our strategic initiative for FY2024, CC has been engaged to address recent audit findings.",461161.07,CANCELLED,2023-01-13,hard,4,Wiz Cloud,Wiz,100,exact
REQ67939,Cisco Systems,CS_Falcon + Wiz_Cl0ud + C i s c o   F i r e p o w e r   2 0 0 0   S e r i e s + Zscaler Internet Access ™,"Additional consideration was given to compliance with GDPR, ISO 27001, and SOC 2 controls. Technical integration will be performed in Q2, with expected go-live by 2023-03-04. This order is intended to strengthen defences in the Americas region and includes provisions for both endpoint threat detection and ms 365 e5. Historical systems such as Palo Alto Networks FW-5000 will be phased out in favour of newer solutions. As part of our strategic initiative for FY2023, Cisco Systems has been engaged to address recent audit findings.",210020.95,PENDING,2025-11-15,hard,7,Zscaler Internet Access,Zscaler,100,exact
REQ40161,Zscaler Inc,O365 E5 + Cisco_FP-2100 + crowdstrike falcon,"Historical systems such as WizShield will be phased out in favour of newer solutions. Additional consideration was given to compliance with GDPR, ISO 27001, and SOC 2 controls. As part of our strategic initiative for FY2025, Zscaler Inc has been engaged to address recent audit findings. This order is intended to strengthen defences in the EMEA region and includes provisions for both microsft 365 e5 and Z $ c a l e r   I A. Technical integration will be performed in Q4, with expected go-live by 2025-12-15.",252629.86,CANCELLED,2023-05-28,hard,,,,0,no_match
REQ61873,Microsoft Corp,WIZ CLOUD + MS 365 E5 ™ + F i r e p o w e r   2 K   s e r i e s,"Additional consideration was given to compliance with GDPR, ISO 27001, and SOC 2 controls. Historical systems such as Palo Alto Networks FW-5000 will be phased out in favour of newer solutions. Technical integration will be performed in Q3, with expected go-live by 2025-05-29. This order is intended to strengthen defences in the EMEA region and includes provisions for both wiz cl0ud and T a n i u m   E n d p o i n t. As part of our strategic initiative for FY2023, Microsoft Corp has been engaged to address recent audit findings.",435909.59,CANCELLED,2024-03-29,hard,4,Wiz Cloud,Wiz,100,exact
REQ83989,Cisco Systems,F1rep0wer 2K ser1es + CROWDSTRIK FLACON + Microsft 365 E5 ™,"As part of our strategic initiative for FY2025, Cisco Systems has been engaged to address recent audit findings. This order is intended to strengthen defences in the Americas region and includes provisions for both appliance de seguridad and W1z Cl0ud. Historical systems such as Legacy Firewall will be phased out in favour of newer solutions. Additional consideration was given to compliance with GDPR, ISO 27001, and SOC 2 controls. Technical integration will be performed in Q2, with expected go-live by 2024-12-16.",323280.96,CANCELLED,2024-10-09,hard,4,Wiz Cloud,Wiz,100,exact
REQ84928,WWT,CS_Falcon + Microsoft E5 ™,"Historical systems such as Palo Alto Networks FW-5000 will be phased out in favour of newer solutions. Additional consideration was given to compliance with GDPR, ISO 27001, and SOC 2 controls. This order is intended to strengthen defences in the APAC region and includes provisions for both CrowdStrike_Falcon and tanium endpoint. Technical integration will be performed in Q3, with expected go-live by 2024-07-16. As part of our strategic initiative for FY2025, WWT has been engaged to address recent audit findings.",327659.54,CANCELLED,2025-09-01,hard,,,,0,no_match
REQ83133,CrowdStrike Inc,WizDefnd + cisco fp2k,"Technical integration will be performed in Q1, with expected go-live by 2025-10-30. This order is intended to strengthen defences in the APAC region and includes provisions for both Wiz Defend ™ and zscaler ia. Historical systems such as Legacy Firewall will be phased out in favour of newer solutions. As part of our strategic initiative for FY2024, Cisco Systems has been engaged to address recent audit findings. Additional consideration was given to compliance with GDPR, ISO 27001, and SOC 2 controls.",340797.78,CANCELLED,2024-05-31,hard,5,Wiz Defend,Wiz,100,exact
REQ38074,Cisco Systems,Tanium ™ + Z$caler IA ™ + Cisco Firepower 2000 Series ™,"Technical integration will be performed in Q3, with expected go-live by 2025-03-13. This order is intended to strengthen defences in the EMEA region and includes provisions for both endpoint management platform and CS FALCON. As part of our strategic initiative for FY2024, Cisco Systems has been engaged to address recent audit findings. Historical systems such as Old Endpoint Protection will be phased out in favour of newer solutions. Additional consideration was given to compliance with GDPR, ISO 27001, and SOC 2 controls.",174157.51,ORDERED,2024-01-29,hard,3,Cisco Firepower 2000 Series,Cisco,100,exact
REQ68841,Cisco Systems,C r o w d S t r i k e   E D R + Zscaler_IA,"As part of our strategic initiative for FY2023, Cisco Systems has been engaged to address recent audit findings. Additional consideration was given to compliance with GDPR, ISO 27001, and SOC 2 controls. Historical systems such as WizShield will be phased out in favour of newer solutions. Technical integration will be performed in Q1, with expected go-live by 2024-11-20. This order is intended to strengthen defences in the EMEA region and includes provisions for both Cr0wdStr1ke EDR and T@n1um.",120831.46,PENDING,2024-09-25,hard,,,,0,no_match
REQ45755,WWT,Zscaler Internet Access ™ + Cisco_FP2K,"Historical systems such as Palo Alto Networks FW-5000 will be phased out in favour of newer solutions. Technical integration will be performed in Q3, with expected go-live by 2025-02-21. This order is intended to strengthen defences in the APAC region and includes provisions for both cloud firewall subscription and WIZ DEFEND. Additional consideration was given to compliance with GDPR, ISO 27001, and SOC 2 controls. As part of our strategic initiative for FY2024, WWT has been engaged to address recent audit findings.",227413.01,PENDING,2025-06-14,hard,5 | 7,Wiz Defend | Zscaler Internet Access,Wiz | Zscaler,100,exact
REQ28191,Wiz Inc,Microsoft E5 ™ + Wiz_Cl0ud,"Technical integration will be performed in Q1, with expected go-live by 2025-03-22. Historical systems such as Legacy Firewall will be phased out in favour of newer solutions. Additional consideration was given to compliance with GDPR, ISO 27001, and SOC 2 controls. As part of our strategic initiative for FY2024, Wiz Inc has been engaged to address recent audit findings. This order is intended to strengthen defences in the APAC region and includes provisions for both M S   3 6 5   E 5 and T@n1um Endp01nt.",380626.37,ORDERED,2025-07-07,hard,4,Wiz Cloud,Wiz,88,fuzzy
REQ10205,Microsoft Corp,WizDefnd ™ + C r o w d S t r i k e   E D R + TANIUMMGMT,"Technical integration will be performed in Q2, with expected go-live by 2025-12-16. Additional consideration was given to compliance with GDPR, ISO 27001, and SOC 2 controls. Historical systems such as WizShield will be phased out in favour of newer solutions. This order is intended to strengthen defences in the EMEA region and includes provisions for both W1zDefnd and W i z C l d. As part of our strategic initiative for FY2023, Microsoft Corp has been engaged to address recent audit findings.",309330.74,PENDING,2025-05-03,hard,5,Wiz Defend,Wiz,88,fuzzy
REQ54374,CrowdStrike Inc,CrowdStrike_Falcon + Wiz Cloud ™,"This order is intended to strengthen defences in the APAC region and includes provisions for both CrowdStrike_EDR and WizDefnd ™. Technical integration will be performed in Q1, with expected go-live by 2025-03-10. Additional consideration was given to compliance with GDPR, ISO 27001, and SOC 2 controls. Historical systems such as Legacy Firewall will be phased out in favour of newer solutions. As part of our strategic initiative for FY2025, CrowdStrike Inc has been engaged to address recent audit findings.",407686.89,PENDING,2025-08-09,hard,4,Wiz Cloud,Wiz,100,exact
REQ67272,WWT,T a n i u m   E n d p o i n t + W1z Defnd + WizCld,"Technical integration will be performed in Q4, with expected go-live by 2023-03-17. Additional consideration was given to compliance with GDPR, ISO 27001, and SOC 2 controls. This order is intended to strengthen defences in the EMEA region and includes provisions for both T a n i u m and Firepower_2K_series. Historical systems such as Legacy Firewall will be phased out in favour of newer solutions. As part of our strategic initiative for FY2025, WWT has been engaged to address recent audit findings.",445295.83,ORDERED,2025-03-02,hard,5,Wiz Defend,Wiz,90,fuzzy
REQ15551,Cisco Systems,Cisco_Firepower_2000_Series + Wiz_Cl0ud + o365 e5,"As part of our strategic initiative for FY2024, Cisco Systems has been engaged to address recent audit findings. Additional consideration was given to compliance with GDPR, ISO 27001, and SOC 2 controls. Historical systems such as Palo Alto Networks FW-5000 will be phased out in favour of newer solutions. This order is intended to strengthen defences in the Americas region and includes provisions for both CISCO FP2K and ZSCALER INTERNET ACCESS. Technical integration will be performed in Q3, with expected go-live by 2023-06-19.",364773.13,CANCELLED,2025-06-09,hard,7,Zscaler Internet Access,Zscaler,100,exact
REQ58623,Microsoft Corp,Cisco FP-2100 ™ + O365_E5,"This order is intended to strengthen defences in the Americas region and includes provisions for both appliance de seguridad and C r o w d S t r i k e   E D R. Technical integration will be performed in Q2, with expected go-live by 2023-03-05. Historical systems such as Palo Alto Networks FW-5000 will be phased out in favour of newer solutions. As part of our strategic initiative for FY2024, Microsoft Corp has been engaged to address recent audit findings. Additional consideration was given to compliance with GDPR, ISO 27001, and SOC 2 controls.",189146.62,DRAFT,2023-10-09,hard,,,,0,no_match
REQ18511,Zscaler Inc,WIZ DEFEND + Firepower 2K series ™ + W1zCld + MS 365 E5,"Additional consideration was given to compliance with GDPR, ISO 27001, and SOC 2 controls. This order is intended to strengthen defences in the APAC region and includes provisions for both wiz defnd and Z $ c a l e r   I A. Historical systems such as WizShield will be phased out in favour of newer solutions. As part of our strategic initiative for FY2023, Zscaler Inc has been engaged to address recent audit findings. Technical integration will be performed in Q1, with expected go-live by 2023-02-23.",277248.59,CANCELLED,2024-09-06,hard,5,Wiz Defend,Wiz,100,exact
REQ94192,Zscaler Inc,ZSCALER INTERNET ACCESS + W i z   C l o u d + wizdefnd,"Historical systems such as Old Endpoint Protection will be phased out in favour of newer solutions. As part of our strategic initiative for FY2023, Cisco Systems has been engaged to address recent audit findings. This order is intended to strengthen defences in the APAC region and includes provisions for both cloud firewall subscription and CS FALCON. Additional consideration was given to compliance with GDPR, ISO 27001, and SOC 2 controls. Technical integration will be performed in Q2, with expected go-live by 2023-10-12.",41711.68,ORDERED,2025-11-25,hard,7,Zscaler Internet Access,Zscaler,100,exact
REQ26406,Tanium Inc,Firepower 2K series ™ + Crowdstrik_Flacon,"Technical integration will be performed in Q4, with expected go-live by 2025-10-26. This order is intended to strengthen defences in the Americas region and includes provisions for both appliance de seguridad and Microsft_365_E5. As part of our strategic initiative for FY2023, Cisco Systems has been engaged to address recent audit findings. Historical systems such as Old Endpoint Protection will be phased out in favour of newer solutions. Additional consideration was given to compliance with GDPR, ISO 27001, and SOC 2 controls.",314386.07,DRAFT,2025-10-26,hard,,,,0,no_match
REQ99783,Cisco Systems,TANIUM ENDPOINT + W i z   D e f n d,"As part of our strategic initiative for FY2023, Cisco Systems has been engaged to address recent audit findings. This order is intended to strengthen defences in the Americas region and includes provisions for both TANIUMMGMT and O365 E5 ™. Technical integration will be performed in Q3, with expected go-live by 2023-03-26. Historical systems such as Old Endpoint Protection will be phased out in favour of newer solutions. Additional consideration was given to compliance with GDPR, ISO 27001, and SOC 2 controls.",206015.8,ORDERED,2023-05-30,hard,,,,0,no_match
REQ60351,Tanium Inc,TANIUM ENDPOINT + W i z   C l 0 u d + CS F@lc0n,"This order is intended to strengthen defences in the APAC region and includes provisions for both plataforma de gestión de puntos finales and Firepower 2K series ™. Additional consideration was given to compliance with GDPR, ISO 27001, and SOC 2 controls. As part of our strategic initiative for FY2024, Microsoft Corp has been engaged to address recent audit findings. Technical integration will be performed in Q4, with expected go-live by 2024-02-22. Historical systems such as Palo Alto Networks FW-5000 will be phased out in favour of newer solutions.",432761.11,ORDERED,2024-05-23,hard,,,,0,no_match
REQ66482,Cisco Systems,Zsc@ler Internet Access + Wiz_Defnd + W i z   C l o u d + TaniumMgmt ™,"This order is intended to strengthen defences in the Americas region and includes provisions for both zscaler ia and W i z   D e f e n d. As part of our strategic initiative for FY2023, Cisco Systems has been engaged to address recent audit findings. Additional consideration was given to compliance with GDPR, ISO 27001, and SOC 2 controls. Historical systems such as WizShield will be phased out in favour of newer solutions. Technical integration will be performed in Q2, with expected go-live by 2025-10-17.",71297.8,CANCELLED,2025-01-19,hard,7,Zscaler Internet Access,Zscaler,100,exact
REQ15938,CC,Zsc@ler Internet Access + wiz defend + Tanium_Endpoint,"Additional consideration was given to compliance with GDPR, ISO 27001, and SOC 2 controls. Technical integration will be performed in Q2, with expected go-live by 2025-01-12. As part of our strategic initiative for FY2023, CC has been engaged to address recent audit findings. This order is intended to strengthen defences in the EMEA region and includes provisions for both ZSCALER IA and WIZDEFND. Historical systems such as Palo Alto Networks FW-5000 will be phased out in favour of newer solutions.",24262.41,CANCELLED,2025-08-28,hard,5 | 7,Wiz Defend | Zscaler Internet Access,Wiz | Zscaler,100,exact
REQ86507,WWT,wiz defnd + TANIUMMGMT + zscaler ia,"This order is intended to strengthen defences in the Americas region and includes provisions for both 云防御 and WIZCLD. As part of our strategic initiative for FY2024, WWT has been engaged to address recent audit findings. Technical integration will be performed in Q3, with expected go-live by 2023-11-29. Additional consideration was given to compliance with GDPR, ISO 27001, and SOC 2 controls. Historical systems such as Old Endpoint Protection will be phased out in favour of newer solutions.",157300.53,DRAFT,2025-08-29,hard,5 | 53 | 105,Wiz Defend | Wiz Edge | Wiz Code,Wiz,94,fuzzy
REQ72701,Wiz Inc,Cisco FP2K ™ + wiz defend + CrowdStrike EDR ™,"As part of our strategic initiative for FY2023, Wiz Inc has been engaged to address recent audit findings. Technical integration will be performed in Q4, with expected go-live by 2023-10-30. Historical systems such as Palo Alto Networks FW-5000 will be phased out in favour of newer solutions. Additional consideration was given to compliance with GDPR, ISO 27001, and SOC 2 controls. This order is intended to strengthen defences in the Americas region and includes provisions for both C1sc0 F1rep0wer 2000 Ser1es and zscaler internet access.",265111.19,CANCELLED,2023-12-21,hard,3 | 5 | 7,Cisco Firepower 2000 Series | Wiz Defend | Zscaler Internet Access,Cisco | Wiz | Zscaler,100,exact
REQ61712,Zscaler Inc,wiz cl0ud + zscaler ia,"Technical integration will be performed in Q4, with expected go-live by 2024-01-29. This order is intended to strengthen defences in the APAC region and includes provisions for both W1zCld and CS_Falcon. As part of our strategic initiative for FY2025, Zscaler Inc has been engaged to address recent audit findings. Additional consideration was given to compliance with GDPR, ISO 27001, and SOC 2 controls. Historical systems such as WizShield will be phased out in favour of newer solutions.",410096.84,PENDING,2024-08-17,hard,4,Wiz Cloud,Wiz,100,exact
REQ53292,CC,M 1 c r 0 s 0 f t 3 6 5 E5 + T a n i u m,"Technical integration will be performed in Q3, with expected go-live by 2025-09-08. As part of our strategic initiative for FY2025, Tanium Inc has been engaged to address recent audit findings. Historical systems such as Palo Alto Networks FW-5000 will be phased out in favour of newer solutions. This order is intended to strengthen defences in the APAC region and includes provisions for both M_i_c_r_o_s_o_f_t_3_6_5_E5 and F1rep0wer 2K ser1es. Additional consideration was given to compliance with GDPR, ISO 27001, and SOC 2 controls.",360092.24,DRAFT,2023-10-09,hard,,,,0,no_match
REQ47941,Cisco Systems,M1cr0s0ft E5 + T@n1um Endp01nt,"Historical systems such as Palo Alto Networks FW-5000 will be phased out in favour of newer solutions. Additional consideration was given to compliance with GDPR, ISO 27001, and SOC 2 controls. This order is intended to strengthen defences in the Americas region and includes provisions for both M i c r o s o f t   E 5 and WIZ CL0UD. Technical integration will be performed in Q2, with expected go-live by 2024-08-11. As part of our strategic initiative for FY2024, Cisco Systems has been engaged to address recent audit findings.",438987.87,DRAFT,2024-09-03,hard,4,Wiz Cloud,Wiz,100,exact
REQ77538,CrowdStrike Inc,W1z Defnd + Zscaler Internet Access ™ + Firepower_2K_series,"As part of our strategic initiative for FY2025, CrowdStrike Inc has been engaged to address recent audit findings. Technical integration will be performed in Q4, with expected go-live by 2023-10-02. Historical systems such as Palo Alto Networks FW-5000 will be phased out in favour of newer solutions. Additional consideration was given to compliance with GDPR, ISO 27001, and SOC 2 controls. This order is intended to strengthen defences in the APAC region and includes provisions for both W i z   D e f e n d and T@n1um Endp01nt.",167323.7,ORDERED,2023-07-15,hard,7,Zscaler Internet Access,Zscaler,100,exact
REQ50760,Cisco Systems,CS Falcon ™ + W i z   C l o u d,"Additional consideration was given to compliance with GDPR, ISO 27001, and SOC 2 controls. This order is intended to strengthen defences in the APAC region and includes provisions for both CS_Falcon and FIREPOWER 2K SERIES. As part of our strategic initiative for FY2023, Cisco Systems has been engaged to address recent audit findings. Historical systems such as Old Endpoint Protection will be phased out in favour of newer solutions. Technical integration will be performed in Q3, with expected go-live by 2025-02-24.",346693.74,CANCELLED,2025-01-22,hard,,,,0,no_match
REQ85065,Wiz Inc,WIZ DEFND + CROWDSTRIKE FALCON,"This order is intended to strengthen defences in the EMEA region and includes provisions for both módulo de defensa en la nube and Wiz Cl0ud ™. Technical integration will be performed in Q4, with expected go-live by 2025-02-04. Additional consideration was given to compliance with GDPR, ISO 27001, and SOC 2 controls. As part of our strategic initiative for FY2023, Wiz Inc has been engaged to address recent audit findings. Historical systems such as Palo Alto Networks FW-5000 will be phased out in favour of newer solutions.",270646.78,PENDING,2024-11-02,hard,4,Wiz Cloud,Wiz,100,exact
REQ18357,WWT,ZSCALER INTERNET ACCESS + WizCld ™ + WizDefnd ™ + Cisco Firepower 2000 Series ™,"Historical systems such as Old Endpoint Protection will be phased out in favour of newer solutions. Additional consideration was given to compliance with GDPR, ISO 27001, and SOC 2 controls. Technical integration will be performed in Q4, with expected go-live by 2023-07-06. As part of our strategic initiative for FY2025, WWT has been engaged to address recent audit findings. This order is intended to strengthen defences in the Americas region and includes provisions for both zscaler internet access and WIZ DEFEND.",272875.93,DRAFT,2023-05-22,hard,3 | 5 | 7,Cisco Firepower 2000 Series | Wiz Defend | Zscaler Internet Access,Cisco | Wiz | Zscaler,100,exact
REQ70686,Microsoft Corp,W i z C l d + ZSCALER INTERNET ACCESS,"Technical integration will be performed in Q4, with expected go-live by 2025-02-05. Historical systems such as Old Endpoint Protection will be phased out in favour of newer solutions. As part of our strategic initiative for FY2023, Microsoft Corp has been engaged to address recent audit findings. Additional consideration was given to compliance with GDPR, ISO 27001, and SOC 2 controls. This order is intended to strengthen defences in the APAC region and includes provisions for both wizcld and Wiz Defend ™.",338382.43,ORDERED,2025-12-25,hard,5 | 7,Wiz Defend | Zscaler Internet Access,Wiz | Zscaler,100,exact
REQ40715,Wiz Inc,W i z   C l o u d + CROWDSTRIKE FALCON + TaniumMgmt ™,"Technical integration will be performed in Q3, with expected go-live by 2024-01-22. Additional consideration was given to compliance with GDPR, ISO 27001, and SOC 2 controls. Historical systems such as WizShield will be phased out in favour of newer solutions. This order is intended to strengthen defences in the APAC region and includes provisions for both cloud posture management and z$caler ia. As part of our strategic initiative for FY2023, Wiz Inc has been engaged to address recent audit findings.",272181.11,DRAFT,2023-10-14,hard,,,,0,no_match
REQ63511,Tanium Inc,WIZ DEFND + Cisco FP-2100 ™ + MS 365 E5,"As part of our strategic initiative for FY2025, Tanium Inc has been engaged to address recent audit findings. This order is intended to strengthen defences in the Americas region and includes provisions for both 云防御 and cisco fp-2100. Additional consideration was given to compliance with GDPR, ISO 27001, and SOC 2 controls. Technical integration will be performed in Q3, with expected go-live by 2024-04-30. Historical systems such as WizShield will be phased out in favour of newer solutions.",78862.72,ORDERED,2024-01-12,hard,5 | 53 | 105,Wiz Defend | Wiz Edge | Wiz Code,Wiz,94,fuzzy
REQ98299,CC,Zscaler_Internet_Access + Wiz_Cloud,"This order is intended to strengthen defences in the EMEA region and includes provisions for both suscripción de cortafuegos en la nube and M I C R O S O F T 3 6 5 E5. Additional consideration was given to compliance with GDPR, ISO 27001, and SOC 2 controls. As part of our strategic initiative for FY2025, WWT has been engaged to address recent audit findings. Historical systems such as WizShield will be phased out in favour of newer solutions. Technical integration will be performed in Q2, with expected go-live by 2025-08-06.",304459.88,DRAFT,2023-05-30,hard,4 | 7,Wiz Cloud | Zscaler Internet Access,Wiz | Zscaler,91,fuzzy
REQ75179,Wiz Inc,CROWDSTRIK FLACON + WizDefnd,"As part of our strategic initiative for FY2024, Wiz Inc has been engaged to address recent audit findings. Technical integration will be performed in Q1, with expected go-live by 2024-03-09. This order is intended to strengthen defences in the EMEA region and includes provisions for both endpoint threat detection and C1sc0 FP2K. Historical systems such as WizShield will be phased out in favour of newer solutions. Additional consideration was given to compliance with GDPR, ISO 27001, and SOC 2 controls.",235672.01,ORDERED,2024-10-17,hard,,,,0,no_match
REQ34123,WWT,crowdstrik flacon + Firepower_2K_series + WizDefnd ™,"Historical systems such as Legacy Firewall will be phased out in favour of newer solutions. This order is intended to strengthen defences in the APAC region and includes provisions for both CrowdStrike_EDR and M1cr0sft 365 E5. As part of our strategic initiative for FY2025, Zscaler Inc has been engaged to address recent audit findings. Additional consideration was given to compliance with GDPR, ISO 27001, and SOC 2 controls. Technical integration will be performed in Q2, with expected go-live by 2023-10-26.",458865.2,DRAFT,2025-12-09,hard,,,,0,no_match
REQ47576,CrowdStrike Inc,m i c r o s o f t 3 6 5 e5 + taniummgmt + taniummgmt,"Technical integration will be performed in Q2, with expected go-live by 2023-05-20. This order is intended to strengthen defences in the EMEA region and includes provisions for both MICROSFT 365 E5 and Zscaler_IA. Historical systems such as Palo Alto Networks FW-5000 will be phased out in favour of newer solutions. Additional consideration was given to compliance with GDPR, ISO 27001, and SOC 2 controls. As part of our strategic initiative for FY2023, CrowdStrike Inc has been engaged to address recent audit findings.",13485.59,ORDERED,2024-01-03,hard,,,,0,no_match
REQ20837,CrowdStrike Inc,Microsft_365_E5 + T a n i u m M g m t + C i s c o   F i r e p o w e r   2 0 0 0   S e r i e s,"This order is intended to strengthen defences in the EMEA region and includes provisions for both cloud productivity suite and wizcld. Historical systems such as Old Endpoint Protection will be phased out in favour of newer solutions. As part of our strategic initiative for FY2023, CrowdStrike Inc has been engaged to address recent audit findings. Additional consideration was given to compliance with GDPR, ISO 27001, and SOC 2 controls. Technical integration will be performed in Q3, with expected go-live by 2024-12-26.",252429.9,ORDERED,2024-11-09,hard,,,,0,no_match
REQ80852,CrowdStrike Inc,W i z D e f n d + CROWDSTRIK FLACON + Tanium,"As part of our strategic initiative for FY2023, CrowdStrike Inc has been engaged to address recent audit findings. Technical integration will be performed in Q4, with expected go-live by 2024-07-09. Historical systems such as Old Endpoint Protection will be phased out in favour of newer solutions. Additional consideration was given to compliance with GDPR, ISO 27001, and SOC 2 controls. This order is intended to strengthen defences in the EMEA region and includes provisions for both 云防御 and O365 E5.",169206.27,PENDING,2023-06-10,hard,,,,0,no_match
REQ42302,Tanium Inc,wizdefnd + Zsc@ler IA,"Historical systems such as Palo Alto Networks FW-5000 will be phased out in favour of newer solutions. This order is intended to strengthen defences in the EMEA region and includes provisions for both 云防御 and Tanium_Endpoint. As part of our strategic initiative for FY2023, Zscaler Inc has been engaged to address recent audit findings. Additional consideration was given to compliance with GDPR, ISO 27001, and SOC 2 controls. Technical integration will be performed in Q1, with expected go-live by 2024-11-28.",357988.72,DRAFT,2024-07-02,hard,5,Wiz Defend,Wiz,88,fuzzy
REQ88240,CrowdStrike Inc,Cr0wdStr1ke F@lc0n + cisco fp2k,"This order is intended to strengthen defences in the Americas region and includes provisions for both cs falcon and O365_E5. Historical systems such as Palo Alto Networks FW-5000 will be phased out in favour of newer solutions. As part of our strategic initiative for FY2024, CC has been engaged to address recent audit findings. Technical integration will be performed in Q3, with expected go-live by 2023-08-07. Additional consideration was given to compliance with GDPR, ISO 27001, and SOC 2 controls.",301031.68,CANCELLED,2025-02-27,hard,45,CrowdStrike Falcon Complete,CrowdStrike,85,fuzzy
REQ27758,Tanium Inc,M i c r o s f t   3 6 5   E 5 + wiz cloud + wizdefnd + CS_Falcon,"Additional consideration was given to compliance with GDPR, ISO 27001, and SOC 2 controls. As part of our strategic initiative for FY2025, Tanium Inc has been engaged to address recent audit findings. Historical systems such as Legacy Firewall will be phased out in favour of newer solutions. Technical integration will be performed in Q2, with expected go-live by 2025-12-03. This order is intended to strengthen defences in the APAC region and includes provisions for both cloud productivity suite and Cisco_FP-2100.",155805.71,ORDERED,2024-11-11,hard,4,Wiz Cloud,Wiz,100,exact
REQ81516,CC,Zscaler_IA + CROWDSTRIKE EDR + Wiz_Cloud,"This order is intended to strengthen defences in the APAC region and includes provisions for both 云防火墙 and cisco fp-2100. Additional consideration was given to compliance with GDPR, ISO 27001, and SOC 2 controls. As part of our strategic initiative for FY2024, CC has been engaged to address recent audit findings. Historical systems such as WizShield will be phased out in favour of newer solutions. Technical integration will be performed in Q2, with expected go-live by 2024-09-07.",94063.97,DRAFT,2025-08-03,hard,4,Wiz Cloud,Wiz,88,fuzzy
REQ96193,Wiz Inc,TANIUM ENDPOINT + WIZCLD + MS 365 E5,"Historical systems such as Legacy Firewall will be phased out in favour of newer solutions. Additional consideration was given to compliance with GDPR, ISO 27001, and SOC 2 controls. This order is intended to strengthen defences in the APAC region and includes provisions for both Tanium Endpoint ™ and Zscaler Internet Access ™. As part of our strategic initiative for FY2024, Wiz Inc has been engaged to address recent audit findings. Technical integration will be performed in Q4, with expected go-live by 2023-10-13.",334023.47,PENDING,2023-04-01,hard,7,Zscaler Internet Access,Zscaler,100,exact
REQ21253,CC,WIZ DEFND + WIZ CL0UD + Zscaler_Internet_Access,"Additional consideration was given to compliance with GDPR, ISO 27001, and SOC 2 controls. Historical systems such as Legacy Firewall will be phased out in favour of newer solutions. This order is intended to strengthen defences in the APAC region and includes provisions for both 云防御 and crowdstrik flacon. As part of our strategic initiative for FY2023, CC has been engaged to address recent audit findings. Technical integration will be performed in Q1, with expected go-live by 2024-06-13.",62454.32,PENDING,2024-12-14,hard,4,Wiz Cloud,Wiz,100,exact
REQ92543,Zscaler Inc,Cisco_Firepower_2000_Series + Microsoft E5 ™ + Zscaler Internet Access ™ + Crowdstrik_Flacon,"Historical systems such as Palo Alto Networks FW-5000 will be phased out in favour of newer solutions. As part of our strategic initiative for FY2024, Zscaler Inc has been engaged to address recent audit findings. This order is intended to strengthen defences in the EMEA region and includes provisions for both 防火墙设备 and W i z D e f n d. Technical integration will be performed in Q4, with expected go-live by 2023-07-19. Additional consideration was given to compliance with GDPR, ISO 27001, and SOC 2 controls.",96303.63,ORDERED,2025-03-21,hard,7,Zscaler Internet Access,Zscaler,100,exact
REQ55603,Wiz Inc,O365 E5 + W i z C l d + TaniumMgmt ™,"As part of our strategic initiative for FY2024, Wiz Inc has been engaged to address recent audit findings. This order is intended to strengthen defences in the Americas region and includes provisions for both MICROSOFT E5 and CISCO FIREPOWER 2000 SERIES. Additional consideration was given to compliance with GDPR, ISO 27001, and SOC 2 controls. Technical integration will be performed in Q1, with expected go-live by 2024-03-15. Historical systems such as Palo Alto Networks FW-5000 will be phased out in favour of newer solutions.",179232.54,ORDERED,2023-12-20,hard,3,Cisco Firepower 2000 Series,Cisco,100,exact
REQ69113,Zscaler Inc,ZSCALER INTERNET ACCESS + wizcld + wiz defend,"As part of our strategic initiative for FY2024, Tanium Inc has been engaged to address recent audit findings. Historical systems such as Old Endpoint Protection will be phased out in favour of newer solutions. Technical integration will be performed in Q1, with expected go-live by 2024-05-03. Additional consideration was given to compliance with GDPR, ISO 27001, and SOC 2 controls. This order is intended to strengthen defences in the EMEA region and includes provisions for both Zscaler IA ™ and CISCO FP-2100.",311607.94,CANCELLED,2023-01-20,hard,5 | 7,Wiz Defend | Zscaler Internet Access,Wiz | Zscaler,100,exact
REQ24838,Cisco Systems,W i z C l d + CS F@lc0n,"As part of our strategic initiative for FY2024, Cisco Systems has been engaged to address recent audit findings. Additional consideration was given to compliance with GDPR, ISO 27001, and SOC 2 controls. Historical systems such as Palo Alto Networks FW-5000 will be phased out in favour of newer solutions. Technical integration will be performed in Q4, with expected go-live by 2025-05-01. This order is intended to strengthen defences in the APAC region and includes provisions for both gestión de postura en la nube and Z s c a l e r   I n t e r n e t   A c c e s s.",288493.46,CANCELLED,2025-01-21,hard,,,,0,no_match
REQ37124,Microsoft Corp,W1z Defend + Microsft 365 E5 ™ + Wiz Cl0ud ™,"This order is intended to strengthen defences in the Americas region and includes provisions for both cloud defense module and Cisco_FP2K. Historical systems such as Old Endpoint Protection will be phased out in favour of newer solutions. As part of our strategic initiative for FY2024, Microsoft Corp has been engaged to address recent audit findings. Technical integration will be performed in Q1, with expected go-live by 2024-05-21. Additional consideration was given to compliance with GDPR, ISO 27001, and SOC 2 controls.",403693.04,CANCELLED,2025-12-26,hard,4 | 5,Wiz Cloud | Wiz Defend,Wiz,100,exact
REQ59174,Cisco Systems,C1sc0 FP-2100 + Zscaler Internet Access ™ + CS F@lc0n,"Historical systems such as WizShield will be phased out in favour of newer solutions. This order is intended to strengthen defences in the Americas region and includes provisions for both network firewall appliance and Z s c a l e r   I A. As part of our strategic initiative for FY2024, Cisco Systems has been engaged to address recent audit findings. Additional consideration was given to compliance with GDPR, ISO 27001, and SOC 2 controls. Technical integration will be performed in Q3, with expected go-live by 2025-11-19.",228735.9,DRAFT,2025-04-05,hard,7,Zscaler Internet Access,Zscaler,100,exact
REQ73614,Tanium Inc,W1zDefnd + MS 365 E5 + Tanium_Endpoint,"This order is intended to strengthen defences in the APAC region and includes provisions for both 云防御 and Z$caler IA ™. As part of our strategic initiative for FY2024, Tanium Inc has been engaged to address recent audit findings. Technical integration will be performed in Q1, with expected go-live by 2023-07-10. Additional consideration was given to compliance with GDPR, ISO 27001, and SOC 2 controls. Historical systems such as Palo Alto Networks FW-5000 will be phased out in favour of newer solutions.",395210.31,DRAFT,2023-04-05,hard,5,Wiz Defend,Wiz,88,fuzzy
REQ10142,WWT,O 3 6 5   E 5 + CS Falcon ™ + W1z Cl0ud + Wiz Cl0ud ™,"Additional consideration was given to compliance with GDPR, ISO 27001, and SOC 2 controls. As part of our strategic initiative for FY2024, WWT has been engaged to address recent audit findings. Historical systems such as Old Endpoint Protection will be phased out in favour of newer solutions. Technical integration will be performed in Q4, with expected go-live by 2023-01-02. This order is intended to strengthen defences in the EMEA region and includes provisions for both Microsft 365 E5 ™ and W1zDefnd.",110643.48,DRAFT,2023-09-29,hard,4,Wiz Cloud,Wiz,100,exact
REQ98753,Wiz Inc,W i z D e f n d + C r o w d S t r i k e   F a l c o n,"Additional consideration was given to compliance with GDPR, ISO 27001, and SOC 2 controls. As part of our strategic initiative for FY2023, Wiz Inc has been engaged to address recent audit findings. Technical integration will be performed in Q1, with expected go-live by 2024-12-04. This order is intended to strengthen defences in the Americas region and includes provisions for both módulo de defensa en la nube and microsft 365 e5. Historical systems such as Palo Alto Networks FW-5000 will be phased out in favour of newer solutions.",75712.27,DRAFT,2023-12-03,hard,,,,0,no_match
REQ96298,Zscaler Inc,W1zCld + Cisco_FP-2100 + W i z   D e f n d + Z$caler IA ™,"This order is intended to strengthen defences in the Americas region and includes provisions for both cloud posture management and MICROSOFT E5. As part of our strategic initiative for FY2024, Zscaler Inc has been engaged to address recent audit findings. Technical integration will be performed in Q4, with expected go-live by 2024-03-20. Historical systems such as Old Endpoint Protection will be phased out in favour of newer solutions. Additional consideration was given to compliance with GDPR, ISO 27001, and SOC 2 controls.",438534.46,PENDING,2025-11-26,hard,,,,0,no_match
REQ11807,CrowdStrike Inc,W1zDefnd + CISCO FP2K,"Historical systems such as Legacy Firewall will be phased out in favour of newer solutions. As part of our strategic initiative for FY2023, Wiz Inc has been engaged to address recent audit findings. Technical integration will be performed in Q4, with expected go-live by 2025-03-01. This order is intended to strengthen defences in the APAC region and includes provisions for both WIZ DEFND and MICROSOFT E5. Additional consideration was given to compliance with GDPR, ISO 27001, and SOC 2 controls.",134781.71,DRAFT,2023-05-04,hard,5,Wiz Defend,Wiz,90,fuzzy
REQ41278,CC,ZSCALER INTERNET ACCESS + C1sc0 FP-2100,"Additional consideration was given to compliance with GDPR, ISO 27001, and SOC 2 controls. Historical systems such as Palo Alto Networks FW-5000 will be phased out in favour of newer solutions. This order is intended to strengthen defences in the APAC region and includes provisions for both 云防火墙 and Tanium. As part of our strategic initiative for FY2024, CC has been engaged to address recent audit findings. Technical integration will be performed in Q4, with expected go-live by 2023-06-18.",33663.44,DRAFT,2025-06-08,hard,7,Zscaler Internet Access,Zscaler,100,exact
REQ85582,WWT,Microsft 365 E5 ™ + Firepower 2K series ™ + W i z   C l o u d,"This order is intended to strengthen defences in the APAC region and includes provisions for both MS_365_E5 and Z$CALER IA. As part of our strategic initiative for FY2023, WWT has been engaged to address recent audit findings. Additional consideration was given to compliance with GDPR, ISO 27001, and SOC 2 controls. Historical systems such as Old Endpoint Protection will be phased out in favour of newer solutions. Technical integration will be performed in Q1, with expected go-live by 2023-10-09.",315628.75,ORDERED,2025-07-21,hard,,,,0,no_match
REQ42540,Zscaler Inc,W1z Defend + microsoft e5,"Historical systems such as Old Endpoint Protection will be phased out in favour of newer solutions. Technical integration will be performed in Q2, with expected go-live by 2024-06-06. As part of our strategic initiative for FY2024, Zscaler Inc has been engaged to address recent audit findings. Additional consideration was given to compliance with GDPR, ISO 27001, and SOC 2 controls. This order is intended to strengthen defences in the APAC region and includes provisions for both 云防御 and M1cr0s0ft E5.",211047.02,CANCELLED,2024-07-09,hard,5,Wiz Defend,Wiz,100,exact
REQ35614,CrowdStrike Inc,Z s c a l e r   I A + C i s c o   F P 2 K + T@n1um Endp01nt + WIZ CL0UD,"As part of our strategic initiative for FY2025, CrowdStrike Inc has been engaged to address recent audit findings. Historical systems such as Legacy Firewall will be phased out in favour of newer solutions. Additional consideration was given to compliance with GDPR, ISO 27001, and SOC 2 controls. Technical integration will be performed in Q1, with expected go-live by 2024-01-03. This order is intended to strengthen defences in the APAC region and includes provisions for both cloud firewall subscription and C r o w d S t r i k e   E D R.",367569.35,PENDING,2023-11-05,hard,4,Wiz Cloud,Wiz,100,exact
REQ78125,CC,microsft 365 e5 + T a n i u m   E n d p o i n t,"Additional consideration was given to compliance with GDPR, ISO 27001, and SOC 2 controls. Technical integration will be performed in Q1, with expected go-live by 2024-11-17. As part of our strategic initiative for FY2025, CC has been engaged to address recent audit findings. Historical systems such as WizShield will be phased out in favour of newer solutions. This order is intended to strengthen defences in the EMEA region and includes provisions for both licencia empresarial en la nube and C S   F a l c o n.",209463.12,CANCELLED,2025-07-27,hard,,,,0,no_match
REQ36569,CrowdStrike Inc,Tanium_Endpoint + Cisco FP2K ™,"As part of our strategic initiative for FY2025, CrowdStrike Inc has been engaged to address recent audit findings. Technical integration will be performed in Q4, with expected go-live by 2023-06-03. This order is intended to strengthen defences in the EMEA region and includes provisions for both plataforma de gestión de puntos finales and W1z Defnd. Additional consideration was given to compliance with GDPR, ISO 27001, and SOC 2 controls. Historical systems such as Old Endpoint Protection will be phased out in favour of newer solutions.",72375.36,DRAFT,2023-11-15,hard,5,Wiz Defend,Wiz,90,fuzzy
REQ44100,Cisco Systems,O365 E5 ™ + Z$CALER IA + W i z   D e f e n d,"Technical integration will be performed in Q1, with expected go-live by 2025-01-03. As part of our strategic initiative for FY2024, Cisco Systems has been engaged to address recent audit findings. Additional consideration was given to compliance with GDPR, ISO 27001, and SOC 2 controls. Historical systems such as WizShield will be phased out in favour of newer solutions. This order is intended to strengthen defences in the APAC region and includes provisions for both MS_365_E5 and C i s c o   F i r e p o w e r   2 0 0 0   S e r i e s.",410944.36,PENDING,2023-03-05,hard,,,,0,no_match
REQ61773,CC,WIZ CL0UD + F i r e p o w e r   2 K   s e r i e s + M i c r o s o f t   E 5 + T a n i u m,"Additional consideration was given to compliance with GDPR, ISO 27001, and SOC 2 controls. This order is intended to strengthen defences in the Americas region and includes provisions for both W1z Cl0ud and Cr0wdstr1k Fl@c0n. Technical integration will be performed in Q4, with expected go-live by 2023-07-28. As part of our strategic initiative for FY2023, WWT has been engaged to address recent audit findings. Historical systems such as Old Endpoint Protection will be phased out in favour of newer solutions.",250582.56,ORDERED,2025-05-23,hard,4,Wiz Cloud,Wiz,100,exact
REQ57069,Zscaler Inc,C r o w d S t r i k e   E D R + Wiz_Defend + Zsc@ler IA,"Technical integration will be performed in Q4, with expected go-live by 2023-11-01. As part of our strategic initiative for FY2024, Zscaler Inc has been engaged to address recent audit findings. Historical systems such as WizShield will be phased out in favour of newer solutions. This order is intended to strengthen defences in the EMEA region and includes provisions for both 端点安全 and Microsft 365 E5 ™. Additional consideration was given to compliance with GDPR, ISO 27001, and SOC 2 controls.",242443.8,ORDERED,2024-12-05,hard,5,Wiz Defend,Wiz,90,fuzzy
REQ32768,Zscaler Inc,W i z   D e f e n d + Tanium ™ + Crowdstrik_Flacon,"Additional consideration was given to compliance with GDPR, ISO 27001, and SOC 2 controls. Technical integration will be performed in Q3, with expected go-live by 2024-03-24. Historical systems such as Old Endpoint Protection will be phased out in favour of newer solutions. This order is intended to strengthen defences in the APAC region and includes provisions for both módulo de defensa en la nube and microsoft e5. As part of our strategic initiative for FY2023, Zscaler Inc has been engaged to address recent audit findings.",92169.68,CANCELLED,2025-01-04,hard,,,,0,no_match
REQ24538,Cisco Systems,W i z   D e f e n d + taniummgmt + Zsc@ler Internet Access,"Additional consideration was given to compliance with GDPR, ISO 27001, and SOC 2 controls. As part of our strategic initiative for FY2025, Microsoft Corp has been engaged to address recent audit findings. Technical integration will be performed in Q2, with expected go-live by 2025-10-05. This order is intended to strengthen defences in the Americas region and includes provisions for both W i z D e f n d and T a n i u m. Historical systems such as Old Endpoint Protection will be phased out in favour of newer solutions.",424008.04,CANCELLED,2023-05-29,hard,7,Zscaler Internet Access,Zscaler,100,exact
REQ85082,CC,F1rep0wer 2K ser1es + crowdstrik flacon + Tanium Endpoint ™,"Technical integration will be performed in Q3, with expected go-live by 2023-10-07. As part of our strategic initiative for FY2024, CC has been engaged to address recent audit findings. Historical systems such as WizShield will be phased out in favour of newer solutions. Additional consideration was given to compliance with GDPR, ISO 27001, and SOC 2 controls. This order is intended to strengthen defences in the EMEA region and includes provisions for both 防火墙设备 and CrowdStrike EDR ™.",198842.71,DRAFT,2024-01-08,hard,,,,0,no_match
REQ24160,Zscaler Inc,Wiz Defnd ™ + Z$caler_IA,"Technical integration will be performed in Q2, with expected go-live by 2024-11-09. Additional consideration was given to compliance with GDPR, ISO 27001, and SOC 2 controls. As part of our strategic initiative for FY2024, Zscaler Inc has been engaged to address recent audit findings. This order is intended to strengthen defences in the Americas region and includes provisions for both WizDefnd and Zscaler Internet Access ™. Historical systems such as Legacy Firewall will be phased out in favour of newer solutions.",361604.73,DRAFT,2025-03-01,hard,7,Zscaler Internet Access,Zscaler,100,exact
REQ22203,CC,W i z C l d + O365_E5 + Z s c a l e r   I n t e r n e t   A c c e s s,"Additional consideration was given to compliance with GDPR, ISO 27001, and SOC 2 controls. As part of our strategic initiative for FY2024, CC has been engaged to address recent audit findings. Historical systems such as Palo Alto Networks FW-5000 will be phased out in favour of newer solutions. This order is intended to strengthen defences in the APAC region and includes provisions for both 云安全平台 and M1cr0sft 365 E5. Technical integration will be performed in Q3, with expected go-live by 2025-02-07.",172285.54,ORDERED,2023-03-05,hard,,,,0,no_match
REQ93648,Cisco Systems,W i z   C l o u d + CISCO FP2K + Cr0wdStr1ke EDR + M S   3 6 5   E 5,"This order is intended to strengthen defences in the EMEA region and includes provisions for both Wiz Cl0ud ™ and CS Falcon ™. Additional consideration was given to compliance with GDPR, ISO 27001, and SOC 2 controls. As part of our strategic initiative for FY2023, Cisco Systems has been engaged to address recent audit findings. Technical integration will be performed in Q3, with expected go-live by 2024-02-25. Historical systems such as Legacy Firewall will be phased out in favour of newer solutions.",149446.68,DRAFT,2025-08-27,hard,4,Wiz Cloud,Wiz,100,exact
REQ80968,Zscaler Inc,Zscaler_Internet_Access + crowdstrike edr + W1zCld,"This order is intended to strengthen defences in the APAC region and includes provisions for both cloud firewall subscription and tanium endpoint. Historical systems such as Palo Alto Networks FW-5000 will be phased out in favour of newer solutions. Technical integration will be performed in Q3, with expected go-live by 2023-07-06. As part of our strategic initiative for FY2024, CrowdStrike Inc has been engaged to address recent audit findings. Additional consideration was given to compliance with GDPR, ISO 27001, and SOC 2 controls.",209923.39,PENDING,2023-05-05,hard,7,Zscaler Internet Access,Zscaler,91,fuzzy
REQ43801,CC,Zsc@ler Internet Access + C r o w d s t r i k   F l a c o n + T a n i u m   E n d p o i n t,"Additional consideration was given to compliance with GDPR, ISO 27001, and SOC 2 controls. As part of our strategic initiative for FY2025, CC has been engaged to address recent audit findings. Historical systems such as Palo Alto Networks FW-5000 will be phased out in favour of newer solutions. This order is intended to strengthen defences in the APAC region and includes provisions for both Z $ c a l e r   I A and C i s c o   F P - 2 1 0 0. Technical integration will be performed in Q2, with expected go-live by 2025-09-02.",163276.0,DRAFT,2023-06-28,hard,7,Zscaler Internet Access,Zscaler,100,exact
REQ73646,CC,WIZ CL0UD + C r o w d S t r i k e   F a l c o n + Z $ c a l e r   I A,"As part of our strategic initiative for FY2025, CC has been engaged to address recent audit findings. Technical integration will be performed in Q4, with expected go-live by 2023-01-26. This order is intended to strengthen defences in the APAC region and includes provisions for both 云安全平台 and Z s c a l e r   I A. Historical systems such as WizShield will be phased out in favour of newer solutions. Additional consideration was given to compliance with GDPR, ISO 27001, and SOC 2 controls.",288151.5,ORDERED,2023-03-18,hard,4,Wiz Cloud,Wiz,100,exact
REQ63368,Tanium Inc,cs falcon + Wiz Cl0ud ™ + Zsc@ler Internet Access + WizDefnd,"Historical systems such as Palo Alto Networks FW-5000 will be phased out in favour of newer solutions. This order is intended to strengthen defences in the EMEA region and includes provisions for both CrowdStrike_EDR and Z s c a l e r   I A. Additional consideration was given to compliance with GDPR, ISO 27001, and SOC 2 controls. As part of our strategic initiative for FY2023, Tanium Inc has been engaged to address recent audit findings. Technical integration will be performed in Q4, with expected go-live by 2024-11-09.",371767.68,CANCELLED,2023-04-26,hard,4 | 7,Wiz Cloud | Zscaler Internet Access,Wiz | Zscaler,100,exact
REQ68471,Cisco Systems,Wiz_Defend + W1z Cl0ud + taniummgmt,"Historical systems such as Palo Alto Networks FW-5000 will be phased out in favour of newer solutions. This order is intended to strengthen defences in the APAC region and includes provisions for both cloud defense module and Cr0wdStr1ke F@lc0n. Technical integration will be performed in Q1, with expected go-live by 2023-12-22. Additional consideration was given to compliance with GDPR, ISO 27001, and SOC 2 controls. As part of our strategic initiative for FY2023, Cisco Systems has been engaged to address recent audit findings.",92903.93,ORDERED,2024-12-17,hard,4,Wiz Cloud,Wiz,100,exact
REQ50037,Cisco Systems,CISCO FP2K + Wiz Cloud ™ + W1z Cl0ud,"Historical systems such as Legacy Firewall will be phased out in favour of newer solutions. This order is intended to strengthen defences in the Americas region and includes provisions for both C1sc0 FP-2100 and Microsft 365 E5 ™. Technical integration will be performed in Q1, with expected go-live by 2025-03-02. As part of our strategic initiative for FY2024, Cisco Systems has been engaged to address recent audit findings. Additional consideration was given to compliance with GDPR, ISO 27001, and SOC 2 controls.",357806.54,CANCELLED,2025-05-17,hard,4,Wiz Cloud,Wiz,100,exact
REQ41496,Zscaler Inc,Wiz_Cl0ud + Tanium Endpoint ™ + zscaler internet access + Firepower_2K_series,"This order is intended to strengthen defences in the APAC region and includes provisions for both W i z   C l o u d and TaniumMgmt ™. Technical integration will be performed in Q3, with expected go-live by 2025-12-02. As part of our strategic initiative for FY2024, Zscaler Inc has been engaged to address recent audit findings. Additional consideration was given to compliance with GDPR, ISO 27001, and SOC 2 controls. Historical systems such as Old Endpoint Protection will be phased out in favour of newer solutions.",450345.09,ORDERED,2024-10-16,hard,7,Zscaler Internet Access,Zscaler,100,exact
REQ96194,Cisco Systems,TaniumMgmt ™ + Cisco FP-2100 ™,"As part of our strategic initiative for FY2024, Cisco Systems has been engaged to address recent audit findings. This order is intended to strengthen defences in the Americas region and includes provisions for both TANIUM and WIZ CL0UD. Additional consideration was given to compliance with GDPR, ISO 27001, and SOC 2 controls. Historical systems such as Palo Alto Networks FW-5000 will be phased out in favour of newer solutions. Technical integration will be performed in Q3, with expected go-live by 2025-05-07.",438864.92,PENDING,2024-08-24,hard,4,Wiz Cloud,Wiz,100,exact
REQ60026,WWT,O365 E5 + wizcld + zscaler internet access + TANIUMMGMT,"This order is intended to strengthen defences in the Americas region and includes provisions for both O365 E5 and Z$caler_IA. Historical systems such as WizShield will be phased out in favour of newer solutions. Additional consideration was given to compliance with GDPR, ISO 27001, and SOC 2 controls. Technical integration will be performed in Q2, with expected go-live by 2024-11-18. As part of our strategic initiative for FY2025, WWT has been engaged to address recent audit findings.",267270.06,ORDERED,2023-04-21,hard,7,Zscaler Internet Access,Zscaler,100,exact
REQ62873,Cisco Systems,Zscaler IA ™ + T a n i u m + CrowdStrike_EDR + crowdstrik flacon,"Additional consideration was given to compliance with GDPR, ISO 27001, and SOC 2 controls. Technical integration will be performed in Q4, with expected go-live by 2023-10-21. Historical systems such as WizShield will be phased out in favour of newer solutions. This order is intended to strengthen defences in the EMEA region and includes provisions for both cloud firewall subscription and cisco firepower 2000 series. As part of our strategic initiative for FY2024, Cisco Systems has been engaged to address recent audit findings.",217367.6,ORDERED,2025-02-24,hard,3,Cisco Firepower 2000 Series,Cisco,100,exact
REQ74248,Microsoft Corp,microsoft e5 + WIZ CL0UD + F1rep0wer 2K ser1es + CS_Falcon,"Additional consideration was given to compliance with GDPR, ISO 27001, and SOC 2 controls. As part of our strategic initiative for FY2023, Microsoft Corp has been engaged to address recent audit findings. This order is intended to strengthen defences in the EMEA region and includes provisions for both Microsoft E5 ™ and C1sc0 FP-2100. Historical systems such as WizShield will be phased out in favour of newer solutions. Technical integration will be performed in Q3, with expected go-live by 2025-12-23.",182829.19,PENDING,2023-12-04,hard,4,Wiz Cloud,Wiz,100,exact
REQ59840,CC,Z$caler_IA + WIZ CL0UD + Microsoft E5 ™,"This order is intended to strengthen defences in the EMEA region and includes provisions for both Z$c@ler IA and Tanium. Technical integration will be performed in Q2, with expected go-live by 2024-03-08. Historical systems such as Old Endpoint Protection will be phased out in favour of newer solutions. Additional consideration was given to compliance with GDPR, ISO 27001, and SOC 2 controls. As part of our strategic initiative for FY2025, CC has been engaged to address recent audit findings.",66179.56,CANCELLED,2025-08-29,hard,4,Wiz Cloud,Wiz,100,exact
REQ63707,Cisco Systems,TANIUM + WIZ CL0UD + microsoft e5,"Historical systems such as Legacy Firewall will be phased out in favour of newer solutions. As part of our strategic initiative for FY2024, Cisco Systems has been engaged to address recent audit findings. Technical integration will be performed in Q4, with expected go-live by 2023-07-26. Additional consideration was given to compliance with GDPR, ISO 27001, and SOC 2 controls. This order is intended to strengthen defences in the Americas region and includes provisions for both 端点管理系统 and Z$caler IA ™.",151198.84,DRAFT,2025-10-13,hard,4,Wiz Cloud,Wiz,100,exact
REQ15170,Cisco Systems,CrowdStrike_Falcon + Z$c@ler IA,"Technical integration will be performed in Q1, with expected go-live by 2023-08-15. As part of our strategic initiative for FY2023, WWT has been engaged to address recent audit findings. This order is intended to strengthen defences in the EMEA region and includes provisions for both endpoint threat detection and TANIUM. Additional consideration was given to compliance with GDPR, ISO 27001, and SOC 2 controls. Historical systems such as Legacy Firewall will be phased out in favour of newer solutions.",426863.1,CANCELLED,2024-10-02,hard,,,,0,no_match
REQ95045,CrowdStrike Inc,W1zCld + cisco firepower 2000 series,"As part of our strategic initiative for FY2023, CrowdStrike Inc has been engaged to address recent audit findings. Additional consideration was given to compliance with GDPR, ISO 27001, and SOC 2 controls. This order is intended to strengthen defences in the EMEA region and includes provisions for both 云安全平台 and Firepower 2K series ™. Historical systems such as Legacy Firewall will be phased out in favour of newer solutions. Technical integration will be performed in Q2, with expected go-live by 2024-11-04.",443631.32,PENDING,2023-08-20,hard,3,Cisco Firepower 2000 Series,Cisco,100,exact
REQ91033,Microsoft Corp,C r o w d S t r i k e   E D R + wizdefnd + Wiz_Defnd,"Additional consideration was given to compliance with GDPR, ISO 27001, and SOC 2 controls. Technical integration will be performed in Q4, with expected go-live by 2025-06-16. Historical systems such as Palo Alto Networks FW-5000 will be phased out in favour of newer solutions. This order is intended to strengthen defences in the EMEA region and includes provisions for both protección de puntos finales and Cisco Firepower 2000 Series ™. As part of our strategic initiative for FY2025, Microsoft Corp has been engaged to address recent audit findings.",52144.86,PENDING,2025-09-13,hard,3,Cisco Firepower 2000 Series,Cisco,100,exact
REQ68733,CC,F i r e p o w e r   2 K   s e r i e s + CROWDSTRIK FLACON + wiz cl0ud,"Technical integration will be performed in Q2, with expected go-live by 2025-11-01. Historical systems such as Legacy Firewall will be phased out in favour of newer solutions. Additional consideration was given to compliance with GDPR, ISO 27001, and SOC 2 controls. As part of our strategic initiative for FY2023, CC has been engaged to address recent audit findings. This order is intended to strengthen defences in the Americas region and includes provisions for both network firewall appliance and wiz defend.",48569.83,ORDERED,2025-07-04,hard,4 | 5,Wiz Cloud | Wiz Defend,Wiz,100,exact
REQ57617,CrowdStrike Inc,Cisco FP-2100 ™ + taniummgmt + Zscaler_IA,"As part of our strategic initiative for FY2023, CrowdStrike Inc has been engaged to address recent audit findings. Historical systems such as Legacy Firewall will be phased out in favour of newer solutions. Additional consideration was given to compliance with GDPR, ISO 27001, and SOC 2 controls. Technical integration will be performed in Q4, with expected go-live by 2025-04-24. This order is intended to strengthen defences in the Americas region and includes provisions for both network firewall appliance and MICROSOFT E5.",359377.18,DRAFT,2023-07-19,hard,,,,0,no_match
REQ24125,Wiz Inc,Z$caler IA ™ + T a n i u m   E n d p o i n t + C r o w d s t r i k   F l a c o n,"Historical systems such as WizShield will be phased out in favour of newer solutions. As part of our strategic initiative for FY2025, Wiz Inc has been engaged to address recent audit findings. Additional consideration was given to compliance with GDPR, ISO 27001, and SOC 2 controls. This order is intended to strengthen defences in the APAC region and includes provisions for both cloud firewall subscription and cisco fp-2100. Technical integration will be performed in Q3, with expected go-live by 2025-12-05.",379788.92,DRAFT,2023-09-10,hard,,,,0,no_match
REQ54939,WWT,Z$c@ler IA + T@n1umMgmt + Wiz_Defnd,"Historical systems such as Old Endpoint Protection will be phased out in favour of newer solutions. As part of our strategic initiative for FY2024, WWT has been engaged to address recent audit findings. This order is intended to strengthen defences in the Americas region and includes provisions for both ZSCALER IA and TANIUM ENDPOINT. Technical integration will be performed in Q1, with expected go-live by 2025-12-22. Additional consideration was given to compliance with GDPR, ISO 27001, and SOC 2 controls.",485393.37,ORDERED,2023-10-01,hard,,,,0,no_match
REQ97445,CC,CROWDSTRIK FLACON + Z$caler IA ™,"Additional consideration was given to compliance with GDPR, ISO 27001, and SOC 2 controls. This order is intended to strengthen defences in the Americas region and includes provisions for both CS Falcon ™ and Firepower 2K series ™. Technical integration will be performed in Q3, with expected go-live by 2024-03-21. Historical systems such as WizShield will be phased out in favour of newer solutions. As part of our strategic initiative for FY2025, CC has been engaged to address recent audit findings.",356511.2,CANCELLED,2025-05-15,hard,,,,0,no_match
REQ47701,Microsoft Corp,Z$caler_IA + CROWDSTRIK FLACON + Microsoft_E5,"Additional consideration was given to compliance with GDPR, ISO 27001, and SOC 2 controls. Technical integration will be performed in Q2, with expected go-live by 2023-04-19. Historical systems such as Legacy Firewall will be phased out in favour of newer solutions. This order is intended to strengthen defences in the EMEA region and includes provisions for both Zsc@ler IA and Tanium Endpoint ™. As part of our strategic initiative for FY2024, Microsoft Corp has been engaged to address recent audit findings.",348003.36,DRAFT,2025-02-20,hard,,,,0,no_match
REQ66165,CC,WIZ CL0UD + Tanium ™ + Zscaler_Internet_Access,"Technical integration will be performed in Q3, with expected go-live by 2024-02-20. Historical systems such as Legacy Firewall will be phased out in favour of newer solutions. Additional consideration was given to compliance with GDPR, ISO 27001, and SOC 2 controls. This order is intended to strengthen defences in the Americas region and includes provisions for both gestión de postura en la nube and Tanium ™. As part of our strategic initiative for FY2023, CC has been engaged to address recent audit findings.",143160.56,CANCELLED,2023-09-24,hard,4,Wiz Cloud,Wiz,100,exact
REQ80390,Tanium Inc,C S   F a l c o n + Wiz_Defnd + T@n1umMgmt,"This order is intended to strengthen defences in the APAC region and includes provisions for both 端点安全 and Cisco Firepower 2000 Series ™. Technical integration will be performed in Q2, with expected go-live by 2023-03-23. Historical systems such as Palo Alto Networks FW-5000 will be phased out in favour of newer solutions. As part of our strategic initiative for FY2025, Tanium Inc has been engaged to address recent audit findings. Additional consideration was given to compliance with GDPR, ISO 27001, and SOC 2 controls.",204691.45,CANCELLED,2024-03-29,hard,3,Cisco Firepower 2000 Series,Cisco,100,exact
REQ95397,Zscaler Inc,cs falcon + microsoft e5 + WIZ DEFEND,"Additional consideration was given to compliance with GDPR, ISO 27001, and SOC 2 controls. As part of our strategic initiative for FY2023, Zscaler Inc has been engaged to address recent audit findings. This order is intended to strengthen defences in the APAC region and includes provisions for both protección de puntos finales and Microsft 365 E5 ™. Technical integration will be performed in Q4, with expected go-live by 2023-01-19. Historical systems such as WizShield will be phased out in favour of newer solutions.",100293.63,DRAFT,2023-07-16,hard,5,Wiz Defend,Wiz,100,exact
REQ83149,Microsoft Corp,C r o w d s t r i k   F l a c o n + Zscaler IA ™,"This order is intended to strengthen defences in the EMEA region and includes provisions for both 端点安全 and Cisco FP2K ™. Historical systems such as Old Endpoint Protection will be phased out in favour of newer solutions. Technical integration will be performed in Q4, with expected go-live by 2023-08-01. Additional consideration was given to compliance with GDPR, ISO 27001, and SOC 2 controls. As part of our strategic initiative for FY2025, Microsoft Corp has been engaged to address recent audit findings.",39868.84,PENDING,2024-06-13,hard,,,,0,no_match
REQ46899,CC,W i z   C l 0 u d + Z $ c a l e r   I A,"Technical integration will be performed in Q3, with expected go-live by 2023-02-04. Historical systems such as Palo Alto Networks FW-5000 will be phased out in favour of newer solutions. This order is intended to strengthen defences in the Americas region and includes provisions for both 云安全平台 and Wiz Defend ™. As part of our strategic initiative for FY2024, CC has been engaged to address recent audit findings. Additional consideration was given to compliance with GDPR, ISO 27001, and SOC 2 controls.",383810.75,ORDERED,2025-02-20,hard,5,Wiz Defend,Wiz,100,exact
REQ55069,Microsoft Corp,W1z Cl0ud + T a n i u m + TANIUM ENDPOINT,"Historical systems such as Old Endpoint Protection will be phased out in favour of newer solutions. Technical integration will be performed in Q4, with expected go-live by 2024-08-27. This order is intended to strengthen defences in the EMEA region and includes provisions for both Wiz Cl0ud ™ and Z$caler_IA. As part of our strategic initiative for FY2023, Microsoft Corp has been engaged to address recent audit findings. Additional consideration was given to compliance with GDPR, ISO 27001, and SOC 2 controls.",109809.79,PENDING,2023-11-26,hard,4,Wiz Cloud,Wiz,100,exact
REQ29974,Wiz Inc,CrowdStrike_EDR + O365 E5 + C i s c o   F P - 2 1 0 0 + Microsft_365_E5,"As part of our strategic initiative for FY2023, Wiz Inc has been engaged to address recent audit findings. Historical systems such as Legacy Firewall will be phased out in favour of newer solutions. This order is intended to strengthen defences in the EMEA region and includes provisions for both protección de puntos finales and Z $ c a l e r   I A. Additional consideration was given to compliance with GDPR, ISO 27001, and SOC 2 controls. Technical integration will be performed in Q1, with expected go-live by 2025-08-02.",284948.24,CANCELLED,2024-10-09,hard,,,,0,no_match
REQ12441,Cisco Systems,WIZCLD + C1sc0 F1rep0wer 2000 Ser1es + Z$CALER IA + WIZ DEFEND,"Additional consideration was given to compliance with GDPR, ISO 27001, and SOC 2 controls. As part of our strategic initiative for FY2023, Cisco Systems has been engaged to address recent audit findings. Technical integration will be performed in Q4, with expected go-live by 2024-07-20. Historical systems such as Old Endpoint Protection will be phased out in favour of newer solutions. This order is intended to strengthen defences in the APAC region and includes provisions for both Wiz_Cl0ud and cisco fp2k.",425545.7,DRAFT,2025-04-09,hard,3 | 5,Cisco Firepower 2000 Series | Wiz Defend,Cisco | Wiz,100,exact
REQ73373,Cisco Systems,zscaler internet access + WIZDEFND + Tanium ™ + T@n1umMgmt,"Historical systems such as WizShield will be phased out in favour of newer solutions. As part of our strategic initiative for FY2025, Wiz Inc has been engaged to address recent audit findings. Technical integration will be performed in Q4, with expected go-live by 2023-11-01. This order is intended to strengthen defences in the Americas region and includes provisions for both Z$caler IA ™ and F1rep0wer 2K ser1es. Additional consideration was given to compliance with GDPR, ISO 27001, and SOC 2 controls.",469891.75,DRAFT,2024-03-24,hard,7,Zscaler Internet Access,Zscaler,100,exact
REQ59613,WWT,Z$caler_IA + Microsoft E5 ™,"This order is intended to strengthen defences in the EMEA region and includes provisions for both zscaler ia and tanium endpoint. As part of our strategic initiative for FY2024, WWT has been engaged to address recent audit findings. Technical integration will be performed in Q2, with expected go-live by 2023-03-29. Additional consideration was given to compliance with GDPR, ISO 27001, and SOC 2 controls. Historical systems such as WizShield will be phased out in favour of newer solutions.",185821.91,DRAFT,2025-11-24,hard,,,,0,no_match
REQ72759,CC,CISCO FIREPOWER 2000 SERIES + CS F@lc0n + Zsc@ler Internet Access + Z $ c a l e r   I A,"Historical systems such as Palo Alto Networks FW-5000 will be phased out in favour of newer solutions. As part of our strategic initiative for FY2024, CC has been engaged to address recent audit findings. Additional consideration was given to compliance with GDPR, ISO 27001, and SOC 2 controls. Technical integration will be performed in Q3, with expected go-live by 2025-09-24. This order is intended to strengthen defences in the Americas region and includes provisions for both network firewall appliance and W1z Defnd.",242115.48,PENDING,2025-04-21,hard,3 | 7,Cisco Firepower 2000 Series | Zscaler Internet Access,Cisco | Zscaler,100,exact
REQ88753,Wiz Inc,O 3 6 5   E 5 + zscaler internet access,"This order is intended to strengthen defences in the EMEA region and includes provisions for both MICROSFT 365 E5 and CROWDSTRIKE EDR. Historical systems such as Old Endpoint Protection will be phased out in favour of newer solutions. As part of our strategic initiative for FY2023, Wiz Inc has been engaged to address recent audit findings. Additional consideration was given to compliance with GDPR, ISO 27001, and SOC 2 controls. Technical integration will be performed in Q1, with expected go-live by 2023-10-28.",75642.51,PENDING,2025-11-12,hard,7,Zscaler Internet Access,Zscaler,100,exact
REQ80685,Cisco Systems,CISCO FP2K + CROWDSTRIKE FALCON,"Historical systems such as Legacy Firewall will be phased out in favour of newer solutions. Technical integration will be performed in Q4, with expected go-live by 2025-02-28. This order is intended to strengthen defences in the APAC region and includes provisions for both CISCO FP-2100 and Cr0wdStr1ke EDR. Additional consideration was given to compliance with GDPR, ISO 27001, and SOC 2 controls. As part of our strategic initiative for FY2023, Cisco Systems has been engaged to address recent audit findings.",414623.28,ORDERED,2025-12-05,hard,,,,0,no_match
